1.000000 1.000000 -0.001948 -0.008828 99.708359 0.939487 1.093883 1.190509 1.241484 1.460195 1.404674
1.000000 2.000000 0.009088 -0.009984 99.792725 0.948112 1.066513 1.156652 1.284654 1.569858 1.429036
1.000000 3.000000 -0.001383 -0.020733 99.944252 1.012245 1.173313 1.271655 1.336557 1.437454 1.519593
1.000000 4.000000 -0.004311 0.023381 99.840881 0.926446 1.090114 1.314674 1.295723 1.514618 1.563858
1.000000 5.000000 0.003332 -0.016629 100.826004 0.961555 1.032985 1.101774 1.172557 1.407347 1.497692
1.000000 6.000000 -0.012451 -0.010677 99.714935 0.960494 1.048104 1.107054 1.208440 1.282498 1.482160
1.000000 7.000000 -0.005458 0.001511 100.099487 0.909632 1.167288 1.246729 1.293694 1.381208 1.504014
1.000000 8.000000 -0.003986 0.008231 99.713837 0.916680 1.035968 1.135270 1.290652 1.359700 1.481885
1.000000 9.000000 0.009891 -0.003554 100.101189 1.182307 1.141222 1.262013 1.266375 1.407326 1.388378
1.000000 10.000000 0.009113 -0.000837 100.765236 1.071186 1.077804 1.120735 1.194650 1.393344 1.476943
1.000000 11.000000 0.003543 -0.009896 99.264961 1.071435 1.055949 1.225570 1.314246 1.475160 1.595762
1.000000 12.000000 0.000794 0.001734 99.928528 1.111673 1.111163 1.265252 1.224974 1.487237 1.508452
1.000000 13.000000 0.022188 0.002833 100.554543 1.011588 1.030286 1.068895 1.217116 1.425924 1.551831
1.000000 14.000000 -0.011387 -0.006299 99.956268 1.144542 1.072411 1.195706 1.390477 1.414493 1.554087
1.000000 15.000000 -0.004317 0.015096 100.521416 1.083180 1.158333 1.161543 1.258196 1.491699 1.531061
1.000000 16.000000 -0.020524 -0.014227 100.011818 1.037161 1.045956 1.162253 1.080825 1.483039 1.482091
1.000000 17.000000 -0.004703 0.008707 100.227959 0.828494 1.142942 1.159324 1.139149 1.412243 1.503171
1.000000 18.000000 0.003984 0.010950 100.209923 1.018820 1.131706 1.225815 1.344674 1.436255 1.537635
1.000000 19.000000 0.002029 0.014308 100.344894 1.052795 1.144798 1.144851 1.201721 1.477567 1.349355
1.000000 20.000000 -0.000951 0.013992 99.209740 1.006675 1.061289 1.249199 1.159439 1.393122 1.451448
1.000000 21.000000 -0.005484 0.010668 99.975548 0.977593 1.133081 1.238407 1.283123 1.448909 1.472734
1.000000 22.000000 -0.000173 0.005504 100.148003 1.091144 1.083243 1.319603 1.248383 1.396414 1.488023
1.000000 23.000000 0.005978 -0.004613 101.108841 1.050153 1.176061 1.219725 1.242965 1.332058 1.550443
1.000000 24.000000 0.011475 -0.005440 100.067513 1.058756 1.069211 1.242518 1.298571 1.415069 1.544199
1.000000 25.000000 -0.002014 -0.013809 99.421120 1.089230 1.080817 1.235992 1.413821 1.422166 1.516273
1.000000 26.000000 0.017431 0.006867 100.393196 1.028160 0.995273 1.133627 1.259252 1.412058 1.461773
1.000000 27.000000 0.001303 -0.003560 100.430389 1.018207 1.072690 1.258735 1.261944 1.537125 1.548707
1.000000 28.000000 -0.022453 0.010016 99.479904 0.986571 0.986154 1.247769 1.217986 1.402300 1.431356
1.000000 29.000000 -0.000917 -0.009574 101.016991 1.135352 1.062720 1.153572 1.300203 1.454430 1.378765
1.000000 30.000000 0.003395 -0.017652 100.728966 1.058632 1.114505 1.207880 1.210151 1.401346 1.453910
1.000000 31.000000 0.016425 -0.007131 99.851639 1.106348 1.092554 1.259633 1.280124 1.475640 1.432957
1.000000 32.000000 0.000952 0.000804 99.023163 0.945269 1.072405 1.257732 1.201862 1.494762 1.537527
1.000000 33.000000 -0.004661 0.007682 100.733620 1.047087 1.119014 1.205548 1.152226 1.289323 1.516485
1.000000 34.000000 0.007611 -0.016451 100.429108 0.994243 1.021214 1.225752 1.174101 1.351240 1.593529
1.000000 35.000000 -0.016228 -0.004298 99.905830 1.098312 1.083693 1.239732 1.223199 1.306275 1.530403
1.000000 36.000000 -0.012327 0.011856 100.449249 1.092252 1.084544 1.137102 1.094545 1.474319 1.508175
1.000000 37.000000 -0.002983 -0.009724 100.175545 0.972421 1.066766 1.229038 1.196468 1.412488 1.443262
1.000000 38.000000 -0.018036 -0.009014 101.007195 1.076545 1.127197 1.265779 1.278733 1.353711 1.464383
1.000000 39.000000 -0.008601 -0.005619 99.597023 1.007894 1.078891 1.169149 1.277477 1.484747 1.534350
1.000000 40.000000 0.004803 -0.017379 99.409836 0.843782 1.052860 1.028227 1.212671 1.417849 1.565906
1.000000 41.000000 0.012956 0.018676 100.701302 0.914076 1.153509 1.221904 1.288910 1.492548 1.609263
1.000000 42.000000 0.011124 -0.003249 99.486176 1.042324 1.118721 1.111258 1.267570 1.419745 1.396704
1.000000 43.000000 0.013164 -0.000964 99.769226 1.062619 1.081845 1.243010 1.335348 1.463762 1.537721
1.000000 44.000000 -0.000028 0.017982 100.384064 1.009606 1.145435 1.177860 1.300303 1.445616 1.482592
1.000000 45.000000 -0.000786 0.002277 99.586952 0.836229 1.047254 1.053357 1.149060 1.391509 1.532810
1.000000 46.000000 -0.008790 0.008898 100.790886 1.052042 1.094016 1.195284 1.242414 1.370806 1.498900
1.000000 47.000000 -0.030706 -0.007877 100.300117 0.959198 1.142913 1.174641 1.193539 1.423081 1.541353
1.000000 48.000000 -0.005099 0.024556 100.942116 1.001698 1.142481 1.197416 1.295561 1.549474 1.504319
1.000000 49.000000 0.016305 -0.002365 100.226395 1.014318 1.125221 1.215007 1.113775 1.450551 1.579768
1.000000 50.000000 0.003214 -0.018934 99.100708 0.925135 1.036582 1.251608 1.139077 1.379295 1.439034
1.000000 51.000000 -0.005752 0.007661 99.612061 0.971234 1.120818 1.256724 1.112456 1.385822 1.387601
1.000000 52.000000 0.011936 0.006260 99.649200 0.964135 1.105887 1.263520 1.335712 1.448063 1.509253
1.000000 53.000000 0.005353 -0.010073 99.970909 0.999587 1.132777 1.175056 1.186035 1.468569 1.556964
1.000000 54.000000 -0.000530 -0.001191 99.581337 1.005500 1.140507 1.242410 1.297197 1.400021 1.571838
1.000000 55.000000 0.009181 -0.017901 99.970772 0.916577 1.148961 1.264751 1.210597 1.457933 1.445768
1.000000 56.000000 0.015046 -0.004211 100.857544 1.023063 1.001854 1.158733 1.228778 1.538321 1.525849
1.000000 57.000000 0.002126 -0.007332 99.251572 0.985570 1.079677 1.212161 1.119213 1.486536 1.471804
1.000000 58.000000 0.000953 0.020278 99.432678 1.060807 1.176504 1.176725 1.225543 1.385276 1.609493
1.000000 59.000000 -0.004324 0.014513 101.179985 0.948677 1.008926 1.235505 1.298744 1.426725 1.501141
1.000000 60.000000 0.013382 -0.004830 99.808159 0.915739 1.057200 1.064609 1.354044 1.463152 1.463889
1.000000 61.000000 -0.006479 -0.012062 99.818321 0.984182 1.003311 1.187287 1.308108 1.380213 1.484706
1.000000 62.000000 0.004580 -0.004522 100.147888 0.982632 1.046342 1.168336 1.280070 1.469982 1.444284
1.000000 63.000000 0.002769 0.006425 99.938492 0.945000 1.084596 1.122436 1.244232 1.466498 1.461075
1.000000 64.000000 -0.002293 0.008342 99.738937 1.069807 1.134045 1.060648 1.249250 1.500764 1.624599
1.000000 65.000000 -0.008299 0.004062 100.459831 1.039909 1.263976 1.096216 1.381224 1.506004 1.429745
1.000000 66.000000 0.002658 -0.008032 100.055862 1.122653 1.190689 1.137311 1.275711 1.416539 1.525010
1.000000 67.000000 -0.017175 0.002704 100.905205 0.972562 0.978500 1.244409 1.173402 1.437230 1.490317
1.000000 68.000000 0.006295 0.025094 99.510658 1.036188 1.246210 1.270949 1.172604 1.377714 1.531111
1.000000 69.000000 0.005554 -0.001517 99.983078 1.021328 1.065153 1.178716 1.252549 1.417635 1.458688
1.000000 70.000000 -0.000373 -0.011505 101.259102 0.991050 1.042914 1.129995 1.305082 1.443192 1.456911
1.000000 71.000000 -0.007788 -0.005244 100.576195 1.033516 1.115638 1.145385 1.213998 1.310752 1.473609
1.000000 72.000000 -0.010819 0.010359 99.475777 0.864746 1.095236 1.247042 1.226903 1.418481 1.561616
1.000000 73.000000 -0.008217 -0.002752 100.340195 1.114113 1.226497 1.275221 1.291691 1.461251 1.467264
1.000000 74.000000 0.010413 0.001070 99.356567 1.102745 1.115654 1.099158 1.279861 1.335883 1.452963
1.000000 75.000000 0.001222 0.003805 99.898483 1.042147 1.242815 1.324861 1.164776 1.436818 1.587513
1.000000 76.000000 0.010964 0.001066 99.502472 1.026892 1.070967 1.132586 1.283238 1.511303 1.505103
1.000000 77.000000 -0.004355 0.004352 100.189323 0.992413 1.039737 1.165415 1.174370 1.379684 1.452487
1.000000 78.000000 0.006760 -0.004277 99.640121 1.015617 1.175228 1.311383 1.245115 1.433536 1.434109
1.000000 79.000000 0.003575 0.016468 99.983688 0.922607 1.216976 1.203254 1.259588 1.347398 1.529519
1.000000 80.000000 0.011161 -0.003389 100.171707 0.973736 1.124399 1.122462 1.183436 1.536042 1.464654
1.000000 81.000000 0.001100 0.008038 100.107460 0.986681 1.051928 1.001938 1.203299 1.465324 1.436628
1.000000 82.000000 -0.022128 0.000069 99.241692 1.047637 0.990499 1.252395 1.257128 1.492211 1.441662
1.000000 83.000000 0.005604 -0.010534 100.010887 1.023966 1.144683 1.240290 1.321114 1.372161 1.596539
1.000000 84.000000 0.011879 0.007233 100.257782 0.964158 1.085148 1.245527 1.368511 1.456807 1.596274
1.000000 85.000000 -0.006804 0.012629 99.396187 0.968534 1.038148 1.154467 1.285846 1.353681 1.334382
1.000000 86.000000 -0.005627 0.005601 99.546936 0.982707 1.168107 1.195944 1.309334 1.392882 1.475724
1.000000 87.000000 -0.002870 -0.002884 100.040276 1.055710 1.146064 1.040346 1.334791 1.460686 1.416856
1.000000 88.000000 -0.006649 0.004631 99.602280 0.892192 1.019340 1.149322 1.222371 1.436727 1.513754
1.000000 89.000000 0.012679 0.012150 99.708130 1.063154 1.140880 1.168929 1.228702 1.424934 1.554511
1.000000 90.000000 -0.001956 -0.008986 99.640579 1.020959 1.073116 1.256830 1.292921 1.471940 1.427280
1.000000 91.000000 -0.001471 0.009703 99.726715 1.026172 1.139039 1.172943 1.223895 1.439413 1.506261
1.000000 92.000000 -0.007077 -0.003821 100.073029 0.947498 1.029342 1.096903 1.230792 1.393938 1.507459
1.000000 93.000000 -0.014446 -0.008050 99.674759 1.099970 1.088643 1.197117 1.274538 1.454769 1.419293
1.000000 94.000000 -0.005759 -0.010123 99.917618 0.867471 1.174818 1.105390 1.281671 1.527689 1.524461
1.000000 95.000000 -0.010719 0.000788 99.521477 0.963559 1.197042 1.054813 1.334926 1.300729 1.459454
1.000000 96.000000 0.005154 -0.004386 99.871803 1.016241 1.257971 1.322293 1.242526 1.363842 1.489720
1.000000 97.000000 -0.010888 -0.005259 99.996475 1.060266 1.131491 1.252165 1.348186 1.443119 1.625046
1.000000 98.000000 0.001791 -0.007414 100.086319 0.943079 1.061693 1.193827 1.131863 1.539323 1.449882
1.000000 99.000000 -0.009066 -0.019078 100.020119 0.951719 1.132413 1.165704 1.244752 1.376821 1.409168
1.000000 100.000000 -0.005029 -0.003423 99.590240 0.992115 1.184531 1.296713 1.258328 1.465991 1.498201
1.000000 101.000000 0.006901 0.000144 99.563705 0.902269 1.149603 1.282437 1.238473 1.418236 1.447368
1.000000 102.000000 0.001469 0.005822 99.407021 0.964194 1.155638 1.314385 1.241918 1.598345 1.529024
1.000000 103.000000 -0.001374 -0.023803 100.264290 0.990936 1.085600 1.249995 1.252656 1.367191 1.564870
1.000000 104.000000 0.010334 -0.002525 99.778542 1.154560 1.154515 1.228486 1.246626 1.466005 1.605472
1.000000 105.000000 -0.003861 0.014664 100.219276 0.919109 1.119743 1.226655 1.262844 1.404094 1.551888
1.000000 106.000000 0.001628 -0.011392 100.069771 1.057943 0.966217 1.196717 1.252823 1.359635 1.421730
1.000000 107.000000 -0.021501 -0.009145 100.034668 0.980794 1.157565 1.045923 1.342425 1.437372 1.458178
1.000000 108.000000 -0.003138 0.000956 100.172096 0.960400 1.147553 1.153432 1.310740 1.399644 1.502913
1.000000 109.000000 0.003024 0.006392 100.175659 1.018771 1.022287 1.285530 1.215191 1.389633 1.519445
1.000000 110.000000 -0.000632 0.002228 100.357643 1.044899 1.021657 1.238571 1.197091 1.546669 1.433242
1.000000 111.000000 -0.013657 0.003371 99.809166 1.082726 1.089657 1.278018 1.213360 1.484949 1.496370
1.000000 112.000000 0.002214 0.008120 99.831322 1.140632 1.273212 1.144176 1.206483 1.425294 1.504007
1.000000 113.000000 -0.004735 -0.004672 100.281525 1.084105 1.229409 1.263116 1.324782 1.465965 1.565609
1.000000 114.000000 -0.009008 -0.004940 100.503014 1.082507 1.159844 1.252477 1.355921 1.422387 1.537182
1.000000 115.000000 -0.013272 -0.002284 99.561035 1.013365 1.087746 1.109995 1.248787 1.432318 1.430305
1.000000 116.000000 0.016670 0.016857 99.789772 1.016247 1.130148 1.177492 1.290474 1.327676 1.470281
1.000000 117.000000 0.014410 0.008016 100.263313 1.117566 1.100061 1.257100 1.341506 1.438166 1.481643
1.000000 118.000000 -0.012573 0.009326 99.982925 1.067712 1.043522 1.317318 1.261905 1.562790 1.458799
1.000000 119.000000 -0.004752 -0.006812 99.435417 1.100286 1.218414 1.279058 1.293945 1.473463 1.517545
1.000000 120.000000 0.014228 0.008668 100.247383 0.986559 1.052782 1.193341 1.196249 1.462866 1.500126
1.000000 121.000000 0.002407 0.011254 100.160568 1.002641 1.022578 1.282312 1.327804 1.525318 1.512317
1.000000 122.000000 -0.008404 0.001299 100.297035 1.041626 1.147817 1.159796 1.239746 1.467763 1.544524
1.000000 123.000000 0.015274 0.017342 99.966751 1.099285 1.027081 1.135335 1.306351 1.476920 1.505669
1.000000 124.000000 -0.010551 0.010755 99.137146 1.076370 1.136839 1.091812 1.248478 1.568282 1.447108
1.000000 125.000000 -0.009255 0.004093 99.690208 1.026997 1.130195 1.153915 1.302373 1.397172 1.476445
1.000000 126.000000 0.009202 -0.010727 100.478424 0.969887 1.045732 1.205650 1.231825 1.399813 1.563250
1.000000 127.000000 -0.008949 -0.009287 99.970512 1.060358 1.089385 1.196219 1.302046 1.469235 1.556207
1.000000 128.000000 -0.000846 0.000423 99.477402 1.086486 1.161690 1.197299 1.213626 1.434415 1.571708
1.000000 129.000000 -0.011257 0.008220 99.650818 1.061480 1.083937 1.199472 1.274759 1.429616 1.670974
1.000000 130.000000 -0.011654 0.012311 99.049561 1.109325 1.121593 1.246844 1.297923 1.492959 1.465654
1.000000 131.000000 -0.018247 0.017858 99.577469 1.023508 1.081058 1.284195 1.306714 1.434952 1.582104
1.000000 132.000000 0.005087 -0.018304 99.780602 0.945645 1.109824 1.224580 1.312830 1.472984 1.559186
1.000000 133.000000 0.022673 0.012300 100.168343 1.124264 1.172202 1.281697 1.239562 1.413422 1.606420
1.000000 134.000000 -0.003058 -0.008620 101.044617 1.041320 1.150360 1.155394 1.226563 1.498166 1.463258
1.000000 135.000000 -0.008823 0.015303 100.887016 1.012261 1.144624 1.184389 1.347168 1.458022 1.458491
1.000000 136.000000 -0.012354 0.000153 100.510796 1.046310 1.005986 1.255111 1.286747 1.415540 1.543618
1.000000 137.000000 -0.009930 0.011013 100.678398 1.041454 1.176775 1.209262 1.339939 1.447332 1.633667
1.000000 138.000000 0.009517 -0.005608 99.416321 1.022863 1.119237 1.184998 1.364174 1.571082 1.475982
1.000000 139.000000 0.007720 -0.014907 99.574348 1.076258 1.142805 1.186403 1.341856 1.492914 1.460282
1.000000 140.000000 0.002690 0.008493 100.070152 1.092370 1.073368 1.240478 1.358759 1.532705 1.552232
1.000000 141.000000 0.007218 -0.021002 99.589363 1.054259 1.104392 1.173490 1.362436 1.494972 1.526238
1.000000 142.000000 -0.018072 0.009163 100.499367 1.025252 1.168576 1.191409 1.279886 1.538224 1.560848
1.000000 143.000000 0.001071 -0.012007 99.746239 0.886701 1.199577 1.217461 1.336060 1.453224 1.583772
1.000000 144.000000 0.000176 0.002368 100.755928 1.013019 1.157208 1.295208 1.397066 1.436148 1.535855
1.000000 145.000000 0.008583 -0.010229 100.438881 1.016681 1.191137 1.243730 1.364419 1.449515 1.538659
1.000000 146.000000 -0.014952 0.002704 99.279686 1.020389 1.160091 1.189521 1.271119 1.464657 1.552032
1.000000 147.000000 -0.006858 0.016126 100.209282 1.092533 1.194917 1.167900 1.245393 1.444719 1.636551
1.000000 148.000000 0.000573 0.009072 99.400490 1.047259 1.174348 1.186443 1.294304 1.469477 1.564255
1.000000 149.000000 0.006762 0.003964 99.877052 1.155448 1.198504 1.219580 1.426938 1.446616 1.568492
1.000000 150.000000 -0.010824 -0.028210 100.273018 0.988037 1.091400 1.185962 1.288080 1.510365 1.592638
1.000000 151.000000 -0.015454 -0.010778 100.840096 1.077016 1.194704 1.249782 1.368201 1.377142 1.571344
1.000000 152.000000 -0.000988 -0.007675 99.431900 1.018236 1.212743 1.289469 1.384671 1.533000 1.537757
1.000000 153.000000 0.001853 -0.010047 100.477684 1.123348 1.129596 1.103104 1.188833 1.502382 1.534593
1.000000 154.000000 0.004349 -0.026186 100.114044 0.917903 1.198595 1.243305 1.319773 1.419877 1.580451
1.000000 155.000000 -0.010028 0.004614 99.817459 1.020960 1.161271 1.249119 1.217646 1.352845 1.552892
1.000000 156.000000 0.014817 -0.000403 99.943230 1.052120 1.065908 1.240849 1.354759 1.451639 1.451582
1.000000 157.000000 0.005545 -0.007707 99.521805 1.090522 1.152966 1.266240 1.382780 1.451893 1.655118
1.000000 158.000000 0.006458 0.011892 100.409370 0.979601 1.152030 1.237927 1.390042 1.382413 1.554998
1.000000 159.000000 0.012510 0.003527 100.394623 1.072949 1.127544 1.276559 1.328829 1.457453 1.564934
1.000000 160.000000 -0.016344 0.013967 100.765602 1.011478 1.238002 1.311874 1.474454 1.642640 1.484472
1.000000 161.000000 0.004071 -0.002566 99.108894 1.128538 1.207574 1.224813 1.311871 1.486205 1.654747
1.000000 162.000000 -0.005378 0.005193 99.983093 0.981037 1.075968 1.281019 1.255382 1.446478 1.509191
1.000000 163.000000 0.012902 0.002762 99.706528 1.013350 1.307655 1.170734 1.361164 1.518812 1.645962
1.000000 164.000000 -0.013809 0.008348 99.334015 0.949558 1.224425 1.192238 1.376968 1.490476 1.495738
1.000000 165.000000 -0.018565 0.008643 99.343956 1.041993 1.265990 1.268912 1.313961 1.486472 1.709676
1.000000 166.000000 0.001049 -0.003044 99.696312 1.043622 1.163797 1.225127 1.265339 1.557649 1.629854
1.000000 167.000000 -0.003071 0.007552 99.842155 1.077391 1.085326 1.324564 1.411804 1.593878 1.615099
1.000000 168.000000 0.016535 -0.005208 100.193909 1.152774 1.323578 1.263195 1.332309 1.593884 1.563640
1.000000 169.000000 0.000748 -0.006782 99.920494 1.074430 1.111259 1.220285 1.390944 1.514833 1.483825
1.000000 170.000000 0.002281 -0.005537 100.087318 1.063145 1.143600 1.243537 1.299806 1.445669 1.580541
1.000000 171.000000 0.006543 0.013550 100.237427 1.061096 1.099754 1.303188 1.443196 1.467065 1.621391
1.000000 172.000000 0.015754 -0.012515 100.356857 1.130611 1.215950 1.327206 1.391674 1.479318 1.556596
1.000000 173.000000 0.010311 0.000131 100.272736 1.026641 1.124491 1.215896 1.269945 1.503189 1.680128
1.000000 174.000000 -0.000708 -0.006227 100.238487 1.096294 1.234855 1.308734 1.343230 1.524659 1.623051
1.000000 175.000000 -0.008490 0.002412 99.693199 1.087522 1.221851 1.258392 1.301689 1.440079 1.589531
1.000000 176.000000 0.013841 -0.002436 100.540695 1.118261 1.142679 1.287817 1.249960 1.447455 1.626334
1.000000 177.000000 0.009628 0.014924 100.778923 1.019102 1.202585 1.271736 1.240354 1.514582 1.661320
1.000000 178.000000 -0.001840 -0.009275 99.297974 1.159019 1.110680 1.332904 1.230359 1.584290 1.583792
1.000000 179.000000 0.012515 0.006642 100.913124 0.977567 1.185067 1.245429 1.384422 1.536775 1.611661
1.000000 180.000000 0.007360 -0.001749 100.372177 1.040795 1.183207 1.223192 1.335447 1.500402 1.589097
2.000000 1.000000 -0.017441 0.021891 100.239273 1.023316 0.980608 1.152185 1.206105 1.425796 1.497445
2.000000 2.000000 0.004306 0.023241 100.817474 0.965815 1.045051 1.305252 1.215526 1.511334 1.551773
2.000000 3.000000 0.009403 -0.002777 100.123848 0.997672 1.099110 1.080643 1.256488 1.399169 1.500727
2.000000 4.000000 -0.012693 -0.009212 99.677299 0.985058 1.074186 1.155901 1.181345 1.390883 1.517666
2.000000 5.000000 0.001898 0.000467 100.392174 0.955112 1.003103 1.203658 1.509431 1.442019 1.471170
2.000000 6.000000 -0.012000 -0.013906 99.768555 1.004508 1.049267 1.221698 1.323423 1.416194 1.454714
2.000000 7.000000 -0.019672 -0.021885 100.954903 0.970858 1.044104 1.171038 1.298210 1.414981 1.441016
2.000000 8.000000 -0.003627 -0.001505 100.283211 1.031340 1.013130 1.144117 1.254590 1.453458 1.532327
2.000000 9.000000 0.007106 0.003011 99.848503 0.965715 1.217960 1.189542 1.175397 1.422051 1.419221
2.000000 10.000000 0.016666 0.001440 99.717880 1.035192 1.188548 1.163694 1.164839 1.441959 1.471848
2.000000 11.000000 -0.019028 0.001939 99.759125 0.907443 1.168534 1.244570 1.269089 1.470209 1.536009
2.000000 12.000000 -0.006035 -0.013863 99.494232 0.958198 1.086053 1.131394 1.343412 1.279641 1.548752
2.000000 13.000000 0.000972 0.004583 100.147522 1.054083 1.061691 1.107291 1.299207 1.357619 1.444380
2.000000 14.000000 0.014392 -0.008755 99.999725 0.886990 1.095886 1.223598 1.248615 1.448571 1.541167
2.000000 15.000000 0.002956 -0.008748 100.188805 1.025782 1.073555 1.229911 1.272710 1.396538 1.512158
2.000000 16.000000 0.005028 -0.003502 100.426682 0.964704 1.064053 1.136548 1.349819 1.440965 1.485203
2.000000 17.000000 -0.013545 -0.002260 99.859581 0.945450 1.098738 1.216535 1.327015 1.343838 1.428473
2.000000 18.000000 0.013104 -0.010064 99.866478 0.938473 1.106170 1.233277 1.320442 1.449258 1.513668
2.000000 19.000000 -0.000112 -0.010755 99.932915 0.929399 1.123536 1.261559 1.192419 1.437800 1.474668
2.000000 20.000000 -0.007287 0.000242 100.028389 1.057677 1.039887 1.285768 1.195776 1.371426 1.424892
2.000000 21.000000 -0.010655 -0.000379 99.941231 1.051330 1.085432 1.083774 1.291631 1.524869 1.444937
2.000000 22.000000 0.007318 0.009444 99.767570 1.036482 1.051105 1.107702 1.360608 1.428849 1.449251
2.000000 23.000000 -0.008306 0.009133 100.801308 1.065996 0.980114 1.187625 1.279247 1.384119 1.358175
2.000000 24.000000 -0.007547 0.008162 100.540680 0.989828 1.124518 1.259254 1.246550 1.463097 1.514017
2.000000 25.000000 -0.006985 -0.020260 100.315674 0.905824 1.067863 1.136297 1.248356 1.403198 1.601774
2.000000 26.000000 -0.024352 -0.010934 99.424789 0.991492 1.110606 1.176602 1.265279 1.376079 1.482456
2.000000 27.000000 0.006565 -0.015102 100.083458 0.963444 1.024323 1.182309 1.247789 1.388796 1.462978
2.000000 28.000000 0.012468 -0.008632 100.153946 1.000440 1.007494 1.155506 1.213473 1.373556 1.534942
2.000000 29.000000 -0.013521 -0.015047 100.930466 0.952720 1.047795 1.255009 1.239898 1.402998 1.439361
2.000000 30.000000 -0.006316 -0.009202 99.511566 0.948981 1.091341 1.201784 1.338178 1.373930 1.409608
2.000000 31.000000 0.004325 -0.002402 99.969856 0.933149 1.073133 1.145639 1.307231 1.398183 1.473381
2.000000 32.000000 0.003570 0.010966 100.299896 1.016441 1.081095 1.264161 1.272188 1.436875 1.438171
2.000000 33.000000 0.015856 0.005704 99.738907 0.890509 0.986058 1.169515 1.275107 1.406767 1.481276
2.000000 34.000000 -0.003285 -0.003774 100.085289 0.926932 1.148602 1.154165 1.248937 1.536897 1.435538
2.000000 35.000000 0.005408 -0.014703 99.593994 0.996942 1.128014 1.135254 1.227092 1.442291 1.423624
2.000000 36.000000 -0.001205 0.017106 99.359489 1.037665 1.070063 1.255424 1.275713 1.382457 1.466788
2.000000 37.000000 0.003349 -0.023293 99.649658 0.989063 1.096153 1.120505 1.280408 1.415666 1.529801
2.000000 38.000000 0.006653 -0.005236 101.154823 0.985032 1.076609 1.155480 1.268675 1.566144 1.508982
2.000000 39.000000 -0.015659 -0.001147 99.575325 0.897978 1.081109 1.226166 1.311812 1.387548 1.547567
2.000000 40.000000 -0.005313 -0.005394 100.655930 1.041855 1.055286 1.215597 1.214559 1.405177 1.516899
2.000000 41.000000 -0.014142 -0.001336 99.936615 1.075737 1.000458 1.262933 1.401434 1.487657 1.542625
2.000000 42.000000 -0.013075 -0.012900 100.068817 0.880206 1.065420 1.295577 1.318969 1.360810 1.531344
2.000000 43.000000 -0.005159 0.003004 100.162277 0.954123 1.148558 1.167284 1.271874 1.450786 1.511627
2.000000 44.000000 -0.014578 0.014651 99.879921 1.007601 0.930037 1.155073 1.395482 1.404908 1.557593
2.000000 45.000000 -0.007798 0.005686 100.355637 1.012710 1.040189 1.262992 1.402791 1.379178 1.477042
2.000000 46.000000 -0.006906 0.002344 100.269897 0.986281 1.011356 1.171848 1.167668 1.408219 1.569853
2.000000 47.000000 -0.017112 -0.000213 100.645470 1.056716 1.134020 1.087676 1.219920 1.456451 1.503032
2.000000 48.000000 0.002414 0.003959 100.191200 0.949043 1.075440 1.226580 1.282193 1.312230 1.361794
2.000000 49.000000 0.018588 0.003796 100.042503 0.964121 1.064121 1.132582 1.302636 1.338802 1.392166
2.000000 50.000000 -0.002754 -0.006233 99.387657 1.003186 1.112909 1.251608 1.364019 1.357990 1.385721
2.000000 51.000000 0.004134 -0.006339 100.344032 0.964515 1.064136 1.145324 1.374476 1.488465 1.423262
2.000000 52.000000 0.013581 -0.002295 100.091881 0.921513 1.184620 1.173494 1.362059 1.324594 1.536862
2.000000 53.000000 -0.002060 -0.010404 100.215408 1.037402 1.247017 1.227246 1.319525 1.423915 1.456064
2.000000 54.000000 -0.000590 -0.002037 99.272881 0.907345 0.977795 1.140140 1.313502 1.421034 1.461494
2.000000 55.000000 0.004370 -0.018344 99.969009 0.973188 1.053901 1.131384 1.346884 1.452897 1.627284
2.000000 56.000000 -0.017977 -0.001668 99.759895 1.010453 1.127816 1.182853 1.301948 1.310208 1.501022
2.000000 57.000000 -0.003216 0.001095 99.530212 0.921381 1.059951 1.254227 1.251973 1.401471 1.555005
2.000000 58.000000 0.010015 -0.007704 100.322609 0.980051 1.078420 1.153467 1.233680 1.387575 1.562990
2.000000 59.000000 0.011583 -0.009933 101.085564 0.900063 1.032325 1.067286 1.327317 1.355738 1.541776
2.000000 60.000000 -0.006668 0.004321 99.800583 0.885643 1.050179 1.244719 1.309568 1.496180 1.475707
2.000000 61.000000 0.001468 -0.003778 100.517471 1.034950 1.023474 1.181183 1.260085 1.431381 1.497516
2.000000 62.000000 -0.006109 -0.010051 100.130127 1.056698 0.955831 1.131232 1.329856 1.401832 1.524464
2.000000 63.000000 -0.007099 -0.014318 99.526108 0.980431 0.992635 1.169060 1.291510 1.367395 1.472501
2.000000 64.000000 0.015710 -0.011936 100.370659 0.966981 0.999890 1.281351 1.308511 1.472674 1.468369
2.000000 65.000000 0.016858 -0.002426 100.996399 0.877076 1.018105 1.169513 1.237892 1.427920 1.402732
2.000000 66.000000 0.003146 -0.002823 99.771294 1.039891 1.149009 1.192215 1.198307 1.426342 1.499078
2.000000 67.000000 0.002847 -0.000418 99.214882 1.048760 1.077826 1.122197 1.238050 1.475199 1.425820
2.000000 68.000000 0.008195 0.014704 100.128876 0.932040 1.127877 1.266887 1.279186 1.389029 1.511305
2.000000 69.000000 0.003894 0.002664 99.871437 1.005842 0.988581 1.201008 1.298559 1.447189 1.491244
2.000000 70.000000 -0.020089 -0.000261 99.780685 0.891836 0.994727 1.264897 1.347526 1.361694 1.462420
2.000000 71.000000 0.005001 -0.007893 100.270554 1.047173 1.046270 1.185268 1.303348 1.421823 1.515905
2.000000 72.000000 0.005823 -0.005744 99.265350 1.113680 1.017053 1.156689 1.293855 1.415606 1.569435
2.000000 73.000000 0.007356 0.005126 100.270058 1.055882 1.072580 1.166175 1.166110 1.329471 1.476049
2.000000 74.000000 0.000471 -0.011871 100.142128 0.941458 1.068905 1.170935 1.237830 1.437999 1.483004
2.000000 75.000000 0.012859 0.015000 100.255081 0.940991 1.158962 1.253639 1.222356 1.386949 1.554541
2.000000 76.000000 0.009408 0.008999 100.542824 0.967901 1.059713 1.296851 1.213223 1.351672 1.478778
2.000000 77.000000 0.003032 -0.000340 99.806099 1.065334 1.130978 1.080267 1.241110 1.400826 1.501240
2.000000 78.000000 0.002437 -0.000496 100.324135 1.035795 1.161391 1.139685 1.299319 1.419908 1.477806
2.000000 79.000000 0.003711 0.016736 99.139984 1.004563 1.131765 1.135859 1.290813 1.339964 1.527471
2.000000 80.000000 0.000656 -0.012604 100.549644 0.983268 1.098204 1.227576 1.302404 1.383378 1.557058
2.000000 81.000000 -0.001024 0.024220 100.121132 0.954454 1.058526 1.090873 1.161810 1.411471 1.485732
2.000000 82.000000 0.008299 -0.002346 99.794907 0.877189 0.963455 1.085420 1.282455 1.585161 1.573529
2.000000 83.000000 -0.007590 0.005422 99.572060 1.021074 1.035436 1.254184 1.221958 1.403933 1.524262
2.000000 84.000000 0.000381 -0.001069 100.157471 1.058150 1.086587 1.278330 1.263617 1.365341 1.472258
2.000000 85.000000 0.004301 -0.013660 99.565033 0.975443 1.108933 1.054704 1.328283 1.329646 1.619109
2.000000 86.000000 -0.003517 0.016838 100.090866 0.997912 1.140042 1.211813 1.228837 1.401769 1.481848
2.000000 87.000000 -0.013370 -0.016681 100.175079 0.968183 1.156572 1.175480 1.213276 1.418838 1.553587
2.000000 88.000000 -0.002985 0.003538 100.502724 0.939613 1.036273 1.164328 1.265222 1.492666 1.490540
2.000000 89.000000 0.009747 0.000663 99.752129 1.000130 1.042453 1.274842 1.288701 1.366505 1.551669
2.000000 90.000000 -0.001844 0.003114 99.911842 1.006402 1.112586 1.039972 1.176262 1.379381 1.469581
2.000000 91.000000 -0.006718 0.012371 99.834244 1.009928 1.071023 1.198750 1.262651 1.441360 1.435159
2.000000 92.000000 0.011369 -0.009456 100.266579 1.016984 1.180521 1.175456 1.285025 1.322098 1.573138
2.000000 93.000000 0.001746 0.003970 99.759865 1.028936 1.110763 1.168043 1.326578 1.538519 1.365647
2.000000 94.000000 -0.002151 0.012436 99.638634 0.995894 1.153981 1.263481 1.342759 1.364290 1.469107
2.000000 95.000000 0.010550 -0.001304 99.745056 0.957760 1.045107 1.076282 1.270709 1.439372 1.603379
2.000000 96.000000 -0.006327 -0.010992 99.649788 0.950018 1.041381 1.008934 1.309817 1.500552 1.480832
2.000000 97.000000 0.003781 0.033674 99.917679 0.910158 1.156708 1.164206 1.316073 1.504205 1.578747
2.000000 98.000000 -0.012286 -0.012786 100.236610 1.062742 1.039514 1.092712 1.340196 1.414091 1.481536
2.000000 99.000000 0.015621 0.003493 100.023369 1.031790 1.118691 1.259533 1.304979 1.421507 1.487895
2.000000 100.000000 0.009189 0.012940 99.927422 0.941885 1.177621 1.124515 1.157314 1.312199 1.444947
2.000000 101.000000 0.003598 0.013137 99.848366 0.974884 1.108537 1.251192 1.317718 1.322475 1.446990
2.000000 102.000000 0.016844 -0.009892 99.574425 1.092598 1.069240 1.243259 1.359564 1.455560 1.535032
2.000000 103.000000 -0.018360 -0.009550 99.700912 1.064933 1.145083 1.101102 1.338537 1.478505 1.551025
2.000000 104.000000 -0.014161 0.006755 100.770782 0.994695 1.203699 1.235325 1.317970 1.543970 1.527679
2.000000 105.000000 -0.004585 0.002177 100.031601 1.014446 1.050367 1.218490 1.286764 1.561682 1.581521
2.000000 106.000000 0.010901 -0.004108 100.103836 1.025564 0.999401 1.228285 1.311264 1.380538 1.498190
2.000000 107.000000 -0.002853 -0.011962 99.891045 1.022537 1.074618 1.248360 1.209583 1.465937 1.430949
2.000000 108.000000 -0.004578 0.009889 100.124039 1.053870 1.096858 1.227706 1.270813 1.501798 1.536688
2.000000 109.000000 0.010241 -0.003200 99.294991 0.945756 1.056216 1.171211 1.352546 1.308712 1.521239
2.000000 110.000000 0.001450 0.017672 101.047356 0.982078 1.093867 1.175295 1.284599 1.380088 1.547529
2.000000 111.000000 -0.007317 0.014947 99.379364 1.009530 1.105621 1.091887 1.296328 1.445543 1.506822
2.000000 112.000000 -0.001504 -0.002450 99.151573 0.950935 1.099938 1.239662 1.349374 1.342466 1.581078
2.000000 113.000000 -0.008166 -0.004647 100.043465 0.937860 1.124482 1.274644 1.306432 1.330953 1.553800
2.000000 114.000000 0.010465 -0.003320 100.151260 0.989020 1.110529 1.208166 1.296124 1.456891 1.562350
2.000000 115.000000 -0.013119 -0.005012 100.137863 1.084455 0.936744 1.205780 1.274270 1.404370 1.607079
2.000000 116.000000 0.003716 0.001652 99.460350 1.008640 1.077001 1.232426 1.274317 1.481325 1.514657
2.000000 117.000000 0.015447 0.003712 99.594406 1.140033 1.113847 1.306927 1.264903 1.400713 1.452576
2.000000 118.000000 0.018940 -0.006683 99.905991 1.016302 1.121969 1.165327 1.316746 1.420163 1.564057
2.000000 119.000000 0.012909 0.010048 100.285110 1.139094 1.080617 1.215839 1.230754 1.461053 1.531437
2.000000 120.000000 -0.014160 -0.003487 100.306290 0.962667 1.084012 1.280263 1.324430 1.453675 1.592705
2.000000 121.000000 0.013198 0.017429 99.672012 1.086622 1.195398 1.243599 1.309466 1.462840 1.435762
2.000000 122.000000 0.008725 -0.009651 100.619781 0.874998 0.978196 1.242721 1.219051 1.466115 1.517993
2.000000 123.000000 -0.003839 0.005453 99.125198 1.050010 1.071498 1.162553 1.267137 1.427700 1.559740
2.000000 124.000000 -0.003914 -0.003275 100.000786 1.013616 1.047092 1.242811 1.341814 1.549144 1.478686
2.000000 125.000000 0.015088 -0.004488 100.511398 1.022915 1.108083 1.172148 1.352281 1.417458 1.555566
2.000000 126.000000 -0.003432 -0.009637 100.231956 1.054018 1.122161 1.181513 1.397192 1.385700 1.545994
2.000000 127.000000 0.013302 0.004907 100.303047 0.889579 1.036307 1.220512 1.197113 1.535030 1.596973
2.000000 128.000000 0.017645 0.021965 99.894623 1.045838 1.181676 1.265877 1.398980 1.296900 1.567189
2.000000 129.000000 -0.003943 0.006048 98.473000 1.077532 1.184195 1.243032 1.290128 1.390007 1.614178
2.000000 130.000000 0.007331 0.006695 99.476944 0.911332 1.102721 1.207398 1.230654 1.433683 1.414970
2.000000 131.000000 0.013895 0.001511 99.665909 0.902299 1.048414 1.204297 1.310364 1.478601 1.615552
2.000000 132.000000 0.000298 0.000030 100.393333 0.968523 1.106571 1.226115 1.220519 1.432431 1.532359
2.000000 133.000000 -0.003508 -0.001111 100.353867 1.048816 1.120139 1.292485 1.287392 1.569564 1.449365
2.000000 134.000000 -0.007930 0.010812 100.768135 1.156494 1.201829 1.224854 1.283044 1.450791 1.546573
2.000000 135.000000 0.009249 -0.001632 100.414497 0.927623 1.314720 1.282702 1.257591 1.552727 1.598939
2.000000 136.000000 -0.009177 0.016972 99.732002 1.016572 1.129058 1.219946 1.447560 1.457554 1.491719
2.000000 137.000000 0.005281 -0.007132 100.126633 1.159605 1.082330 1.264934 1.268003 1.584599 1.454338
2.000000 138.000000 -0.012250 -0.003550 100.675110 1.099828 1.139949 1.287409 1.228233 1.446391 1.512515
2.000000 139.000000 0.006630 -0.008021 100.359535 1.039689 1.134479 1.159797 1.382390 1.487092 1.551212
2.000000 140.000000 -0.001065 -0.010059 99.415985 1.034625 1.132740 1.173234 1.293561 1.536522 1.526993
2.000000 141.000000 0.000061 0.009064 100.550110 0.992449 1.063202 1.277200 1.365881 1.478980 1.484823
2.000000 142.000000 0.004686 0.003219 100.502090 0.985857 1.118773 1.247381 1.388743 1.428513 1.529168
2.000000 143.000000 -0.003838 -0.006841 99.581337 1.098157 1.073085 1.185936 1.251145 1.435574 1.524855
2.000000 144.000000 0.000541 0.016289 99.527031 1.042587 1.066745 1.254308 1.353875 1.511973 1.449015
2.000000 145.000000 0.005739 0.000776 99.866570 1.062807 1.125265 1.185333 1.358655 1.435509 1.364694
2.000000 146.000000 -0.000228 -0.000109 100.438347 0.984909 1.114328 1.191792 1.246361 1.402502 1.569040
2.000000 147.000000 -0.016694 0.010626 98.938232 1.086556 1.129356 1.274457 1.333055 1.433180 1.572902
2.000000 148.000000 0.003739 -0.004143 100.475830 1.009296 1.103507 1.359205 1.256699 1.464854 1.611463
2.000000 149.000000 -0.021253 0.007087 99.510887 0.975041 1.197528 1.200645 1.317841 1.419667 1.564064
2.000000 150.000000 0.019067 0.004016 99.640831 1.048679 1.145376 1.334975 1.394158 1.374959 1.588259
2.000000 151.000000 0.007893 0.014102 100.198273 1.074339 1.135850 1.144637 1.351268 1.543929 1.583521
2.000000 152.000000 0.004492 0.002355 100.373283 0.974227 1.070262 1.225488 1.310132 1.405635 1.559051
2.000000 153.000000 -0.010598 -0.006047 100.099937 1.050608 1.193504 1.253017 1.316636 1.496645 1.590827
2.000000 154.000000 0.003962 0.008389 99.573326 0.933540 1.129725 1.221868 1.411995 1.462716 1.559147
2.000000 155.000000 -0.001731 -0.009447 100.434570 0.942192 1.134779 1.311041 1.334439 1.459382 1.515919
2.000000 156.000000 0.006378 -0.004287 100.097672 1.174168 1.097570 1.330141 1.459596 1.566521 1.667669
2.000000 157.000000 0.009233 -0.009287 99.940933 1.048807 1.139452 1.121161 1.321549 1.389416 1.558499
2.000000 158.000000 0.020716 0.003058 100.258484 1.129336 1.170181 1.346680 1.330341 1.508645 1.526446
2.000000 159.000000 0.009476 -0.000848 99.863457 1.124449 1.104970 1.283054 1.320451 1.441088 1.623276
2.000000 160.000000 -0.009546 0.016245 100.550003 1.048638 1.050343 1.416322 1.403915 1.505541 1.582402
2.000000 161.000000 -0.004742 0.012987 99.892166 1.042924 1.151847 1.200134 1.310969 1.512306 1.614119
2.000000 162.000000 -0.002717 -0.010100 99.041565 1.035742 1.232849 1.279237 1.268284 1.508846 1.456244
2.000000 163.000000 0.007844 0.008214 99.679512 0.937255 1.062832 1.174002 1.401468 1.512460 1.484333
2.000000 164.000000 0.004340 0.009551 100.136551 0.968790 1.124558 1.296991 1.416874 1.466360 1.579892
2.000000 165.000000 0.006829 -0.005873 99.622780 1.013898 1.203421 1.189060 1.410545 1.515315 1.607665
2.000000 166.000000 -0.014532 0.007126 100.436768 1.067346 1.172148 1.250269 1.503389 1.506013 1.604026
2.000000 167.000000 0.010472 0.004442 100.075569 1.095522 1.187216 1.282751 1.391992 1.486196 1.656004
2.000000 168.000000 -0.005073 -0.021062 100.201813 0.956921 1.131165 1.224967 1.384771 1.482569 1.513268
2.000000 169.000000 -0.003030 0.021002 100.381676 1.021646 1.141106 1.282014 1.362630 1.468525 1.558585
2.000000 170.000000 -0.012032 -0.020929 100.056236 1.081485 1.205062 1.314049 1.382629 1.685739 1.636661
2.000000 171.000000 -0.003596 0.000875 100.700348 1.062139 1.136691 1.274097 1.451478 1.639112 1.545511
2.000000 172.000000 -0.010371 0.007232 100.255020 1.147081 1.185578 1.166123 1.396815 1.380990 1.665020
2.000000 173.000000 -0.003798 -0.000972 99.416840 1.044157 1.186245 1.322007 1.390122 1.419585 1.552359
2.000000 174.000000 0.002676 0.004024 101.230804 1.041182 1.120827 1.266290 1.355354 1.604301 1.594812
2.000000 175.000000 0.007281 0.009979 99.713333 1.060994 1.128950 1.306423 1.553003 1.549011 1.651609
2.000000 176.000000 0.000581 0.001400 100.114014 1.098680 1.222244 1.269745 1.364155 1.568693 1.554957
2.000000 177.000000 -0.020836 0.013487 100.374611 1.139817 1.147719 1.296081 1.435786 1.485842 1.548482
2.000000 178.000000 0.000368 0.008862 100.033463 1.164235 1.091026 1.187088 1.332315 1.553955 1.541396
2.000000 179.000000 0.004671 -0.007065 100.262352 1.128079 1.269116 1.218146 1.440805 1.423089 1.626443
2.000000 180.000000 -0.012888 0.003237 100.604568 1.074671 0.997560 1.251667 1.474007 1.464131 1.569476
3.000000 1.000000 -0.005976 -0.010479 100.277061 1.036049 1.092272 1.251893 1.293872 1.317764 1.584294
3.000000 2.000000 0.022607 0.000759 99.461830 1.150453 1.073022 1.201352 1.406793 1.382056 1.522774
3.000000 3.000000 0.002071 0.005263 100.493172 0.960710 1.142469 1.061480 1.394590 1.276536 1.615861
3.000000 4.000000 -0.002937 0.005494 100.762405 0.999346 1.092164 1.144311 1.339505 1.477827 1.583913
3.000000 5.000000 0.016651 0.020738 98.904701 1.074630 1.072891 1.170967 1.324510 1.385355 1.501792
3.000000 6.000000 -0.005813 -0.005321 100.325493 0.914544 1.092200 1.223426 1.242283 1.365889 1.492142
3.000000 7.000000 -0.001810 -0.009662 99.795258 0.982058 1.108783 1.227699 1.245277 1.381791 1.516117
3.000000 8.000000 0.006165 -0.008018 100.852760 1.059194 1.089668 1.316728 1.360830 1.457937 1.408594
3.000000 9.000000 -0.005555 -0.010248 99.682007 0.960915 1.135145 1.183411 1.335304 1.448774 1.380072
3.000000 10.000000 0.003219 -0.017229 100.159714 1.224211 1.042764 1.216931 1.309810 1.528352 1.469429
3.000000 11.000000 -0.003125 -0.010168 99.843536 1.032502 0.974993 1.193925 1.282574 1.458024 1.489727
3.000000 12.000000 0.000946 0.009255 100.125107 1.061103 1.102613 1.217374 1.399345 1.475596 1.462180
3.000000 13.000000 -0.003400 -0.003010 100.414154 0.908108 1.134054 1.188824 1.260007 1.535598 1.486081
3.000000 14.000000 0.001181 0.001333 100.623085 0.951812 1.050401 1.327306 1.300830 1.466384 1.536442
3.000000 15.000000 -0.005477 -0.003555 99.769150 1.014376 1.102412 1.237408 1.279703 1.473772 1.486263
3.000000 16.000000 0.000140 -0.001518 100.042946 0.919994 1.101105 1.184922 1.223991 1.394607 1.555204
3.000000 17.000000 0.004220 -0.001810 99.814491 1.018574 1.032146 1.212420 1.250505 1.422861 1.584236
3.000000 18.000000 -0.010799 0.005567 100.432182 1.014610 1.137139 1.064890 1.293406 1.452963 1.448702
3.000000 19.000000 0.001431 0.013479 99.801888 1.014924 1.032677 1.043626 1.269380 1.404536 1.419528
3.000000 20.000000 0.017828 -0.005191 100.552544 1.010652 1.124528 1.106167 1.335663 1.373009 1.472218
3.000000 21.000000 -0.002191 0.012822 99.772903 1.075518 1.047561 1.242091 1.367389 1.466232 1.528072
3.000000 22.000000 0.007987 -0.005509 100.742111 0.968575 1.148744 1.262081 1.318977 1.387088 1.535422
3.000000 23.000000 0.012186 0.004179 99.768433 1.019834 1.145380 1.203669 1.319871 1.409546 1.523001
3.000000 24.000000 0.007660 -0.002346 100.019524 0.865602 1.101520 1.246689 1.255273 1.369519 1.425110
3.000000 25.000000 0.006523 0.001479 100.376488 1.036515 1.109597 1.184150 1.298291 1.424191 1.477551
3.000000 26.000000 0.008366 0.024755 100.020416 1.064521 1.155227 1.261633 1.422241 1.394364 1.470668
3.000000 27.000000 0.025195 -0.003711 99.998421 0.988278 1.115848 1.078942 1.316083 1.496296 1.500920
3.000000 28.000000 -0.010004 0.005674 99.809052 0.950307 1.105237 1.212763 1.358068 1.340357 1.468740
3.000000 29.000000 0.003054 0.007031 99.413338 0.908582 1.058490 1.188106 1.309736 1.398888 1.487027
3.000000 30.000000 -0.008051 -0.006719 100.200951 0.953061 1.182918 1.235342 1.240683 1.421880 1.466948
3.000000 31.000000 0.002166 -0.013570 100.001122 1.016817 1.084801 1.246990 1.355011 1.495234 1.422924
3.000000 32.000000 0.015277 0.008374 100.694107 1.138507 1.035712 1.241408 1.454110 1.375592 1.650101
3.000000 33.000000 -0.016711 0.005827 100.250076 1.021716 1.115847 1.177556 1.258077 1.360822 1.574518
3.000000 34.000000 -0.013759 -0.002321 100.260452 1.037459 1.038526 1.167565 1.290382 1.486537 1.410711
3.000000 35.000000 0.020300 -0.000030 100.671043 1.072168 1.096917 1.133896 1.281856 1.380893 1.638586
3.000000 36.000000 -0.008082 0.017245 99.932434 1.026603 1.084267 1.200091 1.402257 1.454639 1.483587
3.000000 37.000000 0.001727 0.012946 100.415733 0.958429 0.985055 1.173425 1.462747 1.298119 1.536920
3.000000 38.000000 0.008324 0.008973 100.072548 1.021378 1.118679 1.204248 1.171029 1.351862 1.499063
3.000000 39.000000 -0.017026 -0.011723 100.832764 0.997371 1.079445 1.221675 1.359296 1.360891 1.563147
3.000000 40.000000 0.005796 0.019581 99.738884 1.026554 1.099849 1.122025 1.311036 1.371088 1.485719
3.000000 41.000000 0.005507 -0.011357 100.649231 1.020312 1.146894 1.153350 1.280875 1.427147 1.427834
3.000000 42.000000 -0.024189 -0.002726 99.713638 0.980255 0.972938 1.219207 1.286201 1.360062 1.447081
3.000000 43.000000 -0.001498 -0.000362 99.801872 1.022108 1.235980 1.186785 1.256110 1.387568 1.611847
3.000000 44.000000 -0.019999 -0.002165 99.285927 1.119836 1.236026 1.195123 1.451921 1.422525 1.579903
3.000000 45.000000 0.022045 -0.007743 99.588074 1.077401 1.074171 1.149048 1.358641 1.467105 1.548630
3.000000 46.000000 -0.009520 -0.007553 99.552376 0.952540 1.210738 1.189213 1.353338 1.461562 1.472545
3.000000 47.000000 0.007000 0.016810 100.721893 0.912720 1.218309 1.166635 1.247800 1.377709 1.574352
3.000000 48.000000 -0.005038 0.003996 100.880341 1.049286 1.051364 1.210127 1.337094 1.557068 1.502131
3.000000 49.000000 -0.007948 -0.023632 99.521111 0.977619 1.097389 1.207749 1.379442 1.324318 1.449217
3.000000 50.000000 -0.009248 0.002109 100.002762 1.032620 1.135069 1.169283 1.380833 1.487558 1.617810
3.000000 51.000000 0.008947 0.003871 99.204010 0.994856 1.085528 1.197279 1.295180 1.414820 1.546927
3.000000 52.000000 -0.003140 -0.002119 100.602547 0.958481 1.126091 1.450143 1.337955 1.401464 1.414949
3.000000 53.000000 0.016677 -0.022004 99.751549 0.900448 1.097313 1.232878 1.321236 1.498541 1.500028
3.000000 54.000000 -0.002672 -0.007584 100.667641 1.010938 1.067379 1.187657 1.332912 1.419470 1.530522
3.000000 55.000000 -0.006729 0.005987 100.171463 0.980132 1.002986 1.141870 1.470918 1.281990 1.423879
3.000000 56.000000 -0.004367 -0.015954 100.307083 0.959964 1.030379 1.168426 1.303094 1.284089 1.530940
3.000000 57.000000 -0.007455 0.005445 99.237755 1.103186 1.173133 1.172094 1.431878 1.332805 1.526457
3.000000 58.000000 0.007604 0.005597 100.729065 0.989218 1.262601 1.174817 1.346147 1.457089 1.458652
3.000000 59.000000 -0.006597 0.003224 100.231529 0.979072 1.099511 1.288426 1.432355 1.400219 1.568716
3.000000 60.000000 0.020674 0.011346 99.494217 1.096044 1.120601 1.241489 1.337728 1.399898 1.596843
3.000000 61.000000 -0.002222 0.011557 99.608727 0.929162 1.055110 1.238433 1.360484 1.436198 1.417690
3.000000 62.000000 0.003892 -0.001167 100.228157 1.001686 1.032169 1.163081 1.373223 1.354075 1.533105
3.000000 63.000000 0.013378 0.003627 99.818764 1.060183 1.090944 1.167771 1.334889 1.449100 1.534892
3.000000 64.000000 0.005254 0.005148 99.011963 1.113423 1.118595 1.242248 1.327242 1.442365 1.472701
3.000000 65.000000 0.003669 -0.013200 99.713661 1.143239 1.096212 1.089231 1.410297 1.541114 1.562900
3.000000 66.000000 0.002686 0.014145 99.719681 0.914571 1.135465 1.276963 1.350336 1.403557 1.626432
3.000000 67.000000 0.018784 -0.001305 100.798599 1.073868 1.164900 1.328571 1.272311 1.327351 1.533755
3.000000 68.000000 -0.001158 0.007194 99.850044 1.066751 1.149474 1.190867 1.247663 1.343278 1.623985
3.000000 69.000000 -0.004497 0.001931 100.279480 1.063400 1.100815 1.159560 1.423772 1.342559 1.455107
3.000000 70.000000 0.009924 0.007999 99.547386 1.002359 1.026752 1.154179 1.405547 1.466529 1.506341
3.000000 71.000000 0.012866 -0.008538 99.667946 0.955271 1.086518 1.127058 1.307610 1.375660 1.475287
3.000000 72.000000 -0.009732 -0.005318 100.657784 0.947732 1.079780 1.141983 1.252471 1.443183 1.538533
3.000000 73.000000 -0.006059 -0.001008 99.926353 1.063839 1.179121 1.183331 1.276950 1.402822 1.478018
3.000000 74.000000 -0.005876 -0.012189 100.157822 0.899903 1.076955 1.252189 1.372061 1.439028 1.478282
3.000000 75.000000 -0.002036 -0.008596 99.774895 1.106249 1.099091 1.256413 1.248883 1.388068 1.648306
3.000000 76.000000 -0.001370 -0.011677 100.136345 1.078730 0.978231 1.161360 1.276911 1.494360 1.534569
3.000000 77.000000 -0.012062 0.012897 99.887291 1.002432 1.180312 1.185123 1.351867 1.465420 1.406054
3.000000 78.000000 -0.005319 -0.006358 99.140999 1.033821 1.159486 1.310882 1.353319 1.448348 1.481571
3.000000 79.000000 -0.008935 -0.005483 100.284668 0.963719 1.055058 1.210271 1.355073 1.361158 1.522713
3.000000 80.000000 0.004417 -0.004362 99.504883 0.990931 1.153797 1.201578 1.354875 1.441411 1.493381
3.000000 81.000000 0.001139 0.018388 100.625633 1.021548 1.077689 1.240274 1.304253 1.433789 1.542747
3.000000 82.000000 -0.020323 0.006745 100.136139 1.012143 1.113371 1.324917 1.397126 1.500876 1.462407
3.000000 83.000000 0.011988 0.013634 99.843674 0.993342 1.000076 1.351237 1.392542 1.455292 1.482276
3.000000 84.000000 -0.012221 -0.005777 100.634369 1.039876 1.043056 1.217513 1.260179 1.416921 1.473591
3.000000 85.000000 -0.011472 -0.015519 99.827667 0.993743 1.082373 1.193316 1.384379 1.453710 1.556318
3.000000 86.000000 0.008883 -0.004633 99.500862 1.165892 1.148686 1.222255 1.349437 1.435378 1.449077
3.000000 87.000000 -0.005384 0.001225 99.730942 1.009159 1.190411 1.196291 1.288310 1.372366 1.608156
3.000000 88.000000 -0.014713 -0.000264 100.905106 1.033474 1.191689 1.202707 1.319516 1.363618 1.493546
3.000000 89.000000 -0.000972 -0.011232 100.270340 1.023288 1.126517 1.186622 1.397052 1.426642 1.444831
3.000000 90.000000 0.012004 0.001314 99.529465 0.998653 1.258818 1.266289 1.339584 1.449536 1.456875
3.000000 91.000000 -0.001267 0.012479 100.007164 1.015022 1.193542 1.152276 1.259260 1.366021 1.501609
3.000000 92.000000 0.021955 -0.001393 100.021439 1.115850 1.253761 1.165275 1.395130 1.418244 1.484814
3.000000 93.000000 0.007275 0.006923 99.768631 1.090029 1.207641 1.226189 1.368102 1.502268 1.481803
3.000000 94.000000 -0.008428 0.005363 100.462631 0.977339 1.050555 1.285805 1.331712 1.362867 1.576086
3.000000 95.000000 0.011545 0.001364 99.519554 1.042071 1.201051 1.140767 1.437983 1.442491 1.526472
3.000000 96.000000 -0.013518 0.003538 100.220871 1.104255 1.058089 1.219525 1.378055 1.432362 1.458601
3.000000 97.000000 0.001686 0.000047 99.881310 0.917761 1.138814 1.230715 1.395840 1.397140 1.461412
3.000000 98.000000 -0.009538 -0.002522 100.615715 0.985629 1.075618 1.155527 1.335456 1.469806 1.515342
3.000000 99.000000 -0.003039 -0.000661 100.020576 1.053038 1.097177 1.322617 1.208995 1.531281 1.463593
3.000000 100.000000 -0.006068 0.000519 99.037018 0.963487 1.146786 1.203880 1.292256 1.293504 1.614756
3.000000 101.000000 -0.002798 0.007976 99.897385 1.016515 1.076757 1.230541 1.375408 1.456275 1.558113
3.000000 102.000000 -0.005412 -0.004368 100.829750 1.108626 1.109677 1.214584 1.222769 1.387849 1.476862
3.000000 103.000000 0.006419 -0.002751 99.712181 1.047774 1.149760 1.167132 1.386382 1.494496 1.477966
3.000000 104.000000 0.012165 0.010884 99.911446 1.101090 1.200393 1.164804 1.382110 1.450602 1.551758
3.000000 105.000000 0.011774 0.002662 99.869827 1.058439 1.126607 1.234591 1.287507 1.423791 1.563114
3.000000 106.000000 -0.013033 -0.001879 99.463478 0.948061 1.136943 1.112724 1.270504 1.390759 1.506720
3.000000 107.000000 -0.001465 -0.002363 100.233711 0.973086 1.235720 1.145818 1.329800 1.292772 1.511424
3.000000 108.000000 0.015472 -0.013199 100.069801 1.008935 1.135499 1.067732 1.425822 1.454673 1.552292
3.000000 109.000000 -0.007319 -0.005238 100.095375 1.090903 1.157835 1.236959 1.237014 1.415935 1.490776
3.000000 110.000000 -0.007322 0.008524 100.017097 1.085774 1.187073 1.225419 1.370820 1.429901 1.579774
3.000000 111.000000 0.004902 -0.015570 100.635506 1.029095 1.110496 1.171607 1.292172 1.511443 1.641876
3.000000 112.000000 -0.012965 0.007859 100.220940 1.119705 1.188991 1.203648 1.396817 1.448134 1.549110
3.000000 113.000000 0.010913 -0.010500 100.532478 1.093213 1.161185 1.197749 1.367105 1.348172 1.563619
3.000000 114.000000 -0.013515 0.013342 99.739182 1.049249 1.117858 1.195295 1.301823 1.445078 1.536790
3.000000 115.000000 -0.010525 -0.013681 98.626892 0.982732 1.063667 1.240779 1.293026 1.414511 1.529622
3.000000 116.000000 0.002808 0.010105 99.976585 1.021541 1.100198 1.144332 1.319256 1.457360 1.674940
3.000000 117.000000 -0.007481 -0.011169 100.768234 1.131723 1.218152 1.233753 1.396573 1.490037 1.614628
3.000000 118.000000 0.014526 -0.016964 100.036697 1.004478 1.251400 1.223804 1.388365 1.402451 1.431340
3.000000 119.000000 0.010328 0.003223 99.750710 1.076355 1.124473 1.247833 1.281089 1.440912 1.524368
3.000000 120.000000 -0.005145 -0.015438 100.081314 1.078167 1.262633 1.236579 1.323838 1.338876 1.586312
3.000000 121.000000 -0.017172 0.004194 99.877769 1.031282 1.172874 1.160760 1.314032 1.471480 1.494685
3.000000 122.000000 -0.019238 -0.009226 99.879456 0.972381 1.137973 1.188730 1.365471 1.404326 1.430659
3.000000 123.000000 -0.021289 -0.002217 100.543434 1.054416 1.046984 1.268238 1.338244 1.450869 1.481351
3.000000 124.000000 0.010166 0.001794 99.793968 0.978528 1.195840 1.210929 1.444367 1.456097 1.572816
3.000000 125.000000 -0.013254 -0.010972 100.511269 1.006734 1.108769 1.219555 1.345803 1.502310 1.569633
3.000000 126.000000 -0.009102 0.003644 99.113297 1.075040 1.049949 1.210088 1.323197 1.443103 1.516329
3.000000 127.000000 -0.009647 -0.001528 99.571564 1.091766 1.230125 1.228519 1.402348 1.509737 1.574488
3.000000 128.000000 -0.001404 -0.008504 99.896317 1.020963 1.125551 1.255478 1.317877 1.486764 1.541397
3.000000 129.000000 0.001709 -0.009261 100.222923 0.977635 1.175796 1.239993 1.390719 1.548530 1.525897
3.000000 130.000000 0.007399 0.002008 100.195953 1.052829 1.186360 1.242329 1.394099 1.437289 1.567416
3.000000 131.000000 0.002195 -0.018381 99.760880 0.958554 1.110367 1.245726 1.443141 1.496079 1.589832
3.000000 132.000000 0.012203 -0.013865 99.192276 1.120075 1.115666 1.244632 1.382510 1.399743 1.559299
3.000000 133.000000 -0.018548 0.012229 100.367493 0.977060 1.093994 1.253157 1.423874 1.643638 1.541496
3.000000 134.000000 -0.001998 -0.011504 100.783546 1.015428 1.060169 1.279379 1.304383 1.474351 1.619103
3.000000 135.000000 0.000367 0.000943 100.024940 1.059828 1.190421 1.147607 1.364708 1.500652 1.509662
3.000000 136.000000 -0.023295 0.005422 99.618027 1.110792 1.100006 1.232190 1.513086 1.464944 1.532332
3.000000 137.000000 -0.003985 -0.015853 99.947586 0.995324 1.071013 1.171393 1.356445 1.393073 1.503734
3.000000 138.000000 0.004069 -0.002263 100.023857 1.084888 1.265042 1.311349 1.373957 1.290702 1.566333
3.000000 139.000000 0.007089 0.013297 100.095535 0.932977 1.243641 1.183618 1.412805 1.471652 1.380782
3.000000 140.000000 -0.002226 -0.012989 100.445053 0.997375 1.128670 1.290932 1.336702 1.507705 1.539522
3.000000 141.000000 0.002827 -0.005650 99.857582 0.976065 1.159768 1.207170 1.308885 1.458266 1.615915
3.000000 142.000000 0.008556 0.006020 99.772568 0.990438 1.008684 1.250151 1.363235 1.469830 1.574625
3.000000 143.000000 0.005299 -0.003620 100.478058 1.030689 1.194089 1.287681 1.377244 1.489836 1.535021
3.000000 144.000000 0.014318 0.003108 100.137596 1.061255 1.174115 1.146567 1.314486 1.457255 1.472317
3.000000 145.000000 0.013209 -0.000501 100.660904 1.004269 1.183998 1.168333 1.336028 1.559208 1.567938
3.000000 146.000000 0.003960 0.005000 99.779762 1.087507 1.248757 1.242409 1.325574 1.476709 1.550913
3.000000 147.000000 0.010669 -0.000618 99.872902 1.020255 1.150061 1.219166 1.381566 1.500641 1.580793
3.000000 148.000000 0.004993 -0.012889 99.665558 1.038466 1.357690 1.169655 1.364624 1.382632 1.578768
3.000000 149.000000 -0.013393 0.008763 99.411758 1.019700 1.127387 1.244700 1.351904 1.572788 1.560543
3.000000 150.000000 -0.019000 -0.000991 99.729668 1.072064 1.121192 1.140118 1.339349 1.538874 1.494772
3.000000 151.000000 -0.003429 0.001319 99.486351 1.123516 1.230722 1.130181 1.336887 1.625320 1.586232
3.000000 152.000000 -0.014399 0.005870 99.353958 1.038603 1.262362 1.238202 1.356040 1.571827 1.676554
3.000000 153.000000 -0.002718 0.018233 100.434174 1.113553 1.212995 1.357247 1.398888 1.438876 1.599718
3.000000 154.000000 -0.000012 -0.000425 99.472717 1.081081 1.152087 1.274646 1.470369 1.518984 1.709810
3.000000 155.000000 -0.006676 0.002927 99.849304 1.126431 1.085042 1.381946 1.285915 1.391810 1.569080
3.000000 156.000000 -0.003406 -0.013764 100.276840 1.119736 1.260187 1.386680 1.310752 1.415869 1.650144
3.000000 157.000000 0.017886 0.007441 100.158195 1.106269 1.189141 1.163820 1.422900 1.479188 1.494547
3.000000 158.000000 -0.004517 0.018356 99.841324 1.145659 1.177206 1.153839 1.373019 1.427108 1.636553
3.000000 159.000000 -0.001340 -0.001960 99.608238 1.071806 1.150952 1.245976 1.476738 1.395025 1.553110
3.000000 160.000000 -0.016431 -0.015221 99.915009 1.136796 1.126763 1.291897 1.467001 1.586170 1.609766
3.000000 161.000000 -0.013402 0.009037 99.975418 1.126069 1.105641 1.270301 1.369676 1.411117 1.629921
3.000000 162.000000 0.009298 -0.004655 99.581039 1.052559 1.151850 1.287381 1.414409 1.489453 1.571944
3.000000 163.000000 -0.018178 0.001546 100.393921 1.044942 1.208620 1.268756 1.339860 1.579136 1.561468
3.000000 164.000000 -0.000305 0.005082 100.083961 1.106754 1.225026 1.225782 1.368783 1.499055 1.544995
3.000000 165.000000 -0.003336 -0.006820 99.408005 1.163026 1.161818 1.348383 1.378664 1.464343 1.511577
3.000000 166.000000 -0.000812 0.001684 99.625786 0.999905 1.132036 1.217206 1.455978 1.550230 1.693622
3.000000 167.000000 0.020790 0.003262 99.939629 1.153832 1.178904 1.307003 1.459070 1.423000 1.593799
3.000000 168.000000 -0.007437 -0.000371 100.046684 1.008916 1.284722 1.367580 1.332597 1.577577 1.594047
3.000000 169.000000 -0.004234 -0.003147 100.878662 1.032207 1.246112 1.263443 1.479482 1.501866 1.669430
3.000000 170.000000 -0.001578 -0.009070 99.107216 1.051000 1.267382 1.245371 1.364366 1.500183 1.615624
3.000000 171.000000 -0.004336 0.018969 99.251541 1.096182 1.156537 1.233750 1.361866 1.551769 1.529512
3.000000 172.000000 0.011050 0.009840 99.985977 1.043248 1.250843 1.341108 1.509291 1.596679 1.655935
3.000000 173.000000 0.003433 -0.005633 100.102287 1.125652 1.114076 1.321317 1.410959 1.577176 1.678846
3.000000 174.000000 -0.000712 -0.013892 99.723740 1.228245 1.226113 1.393765 1.428997 1.352754 1.502379
3.000000 175.000000 -0.000346 -0.005538 100.436317 0.990783 1.173858 1.263738 1.459360 1.480069 1.681518
3.000000 176.000000 0.009869 -0.012881 100.512810 1.199894 1.129470 1.282918 1.551018 1.478367 1.551278
3.000000 177.000000 0.013590 0.004425 99.899323 1.078164 1.288055 1.393399 1.295272 1.458070 1.561842
3.000000 178.000000 -0.013189 -0.001335 100.412392 1.052935 1.271194 1.322908 1.384312 1.577779 1.683716
3.000000 179.000000 -0.010610 0.014426 99.630478 1.079448 1.344717 1.337769 1.484319 1.518817 1.763873
3.000000 180.000000 0.002518 -0.007798 99.694748 1.192576 1.241119 1.228420 1.400775 1.486651 1.485379
4.000000 1.000000 0.015098 0.007770 99.732193 1.034677 1.089847 1.294652 1.307690 1.306778 1.490726
4.000000 2.000000 -0.001170 -0.021603 100.518478 0.952804 1.113515 1.256433 1.201058 1.424896 1.543976
4.000000 3.000000 0.011138 -0.006460 99.639694 1.051404 1.141399 1.193276 1.340552 1.380228 1.553281
4.000000 4.000000 0.014309 -0.012278 99.817970 0.975619 1.111189 1.149634 1.254371 1.388779 1.452567
4.000000 5.000000 0.018087 0.014057 99.741768 1.144996 1.162590 1.223691 1.322356 1.311785 1.545450
4.000000 6.000000 -0.010256 0.001158 99.897171 0.963335 1.230344 1.331960 1.325255 1.433560 1.480853
4.000000 7.000000 0.013698 0.012299 99.790298 0.945945 1.147303 1.218017 1.315290 1.392285 1.536699
4.000000 8.000000 0.010126 0.018780 100.187973 0.934172 1.076902 1.317237 1.240932 1.465994 1.494678
4.000000 9.000000 0.000103 0.010703 100.390961 0.877521 1.082315 1.183115 1.248938 1.383195 1.518733
4.000000 10.000000 0.025814 0.002922 100.497498 0.919358 0.982246 1.159713 1.313975 1.343254 1.553988
4.000000 11.000000 -0.012206 0.004693 99.638443 0.891249 1.024233 1.263033 1.401147 1.416424 1.409933
4.000000 12.000000 -0.001218 -0.002826 99.486244 1.047064 1.034626 1.200097 1.421494 1.346704 1.529825
4.000000 13.000000 0.012734 0.001133 100.946770 0.970948 1.054062 1.192581 1.369795 1.468769 1.436460
4.000000 14.000000 -0.004717 -0.008169 99.695343 0.884433 1.111299 1.262792 1.213881 1.412774 1.518401
4.000000 15.000000 -0.002759 -0.008014 99.505447 1.053360 1.151699 1.170714 1.195925 1.472130 1.469516
4.000000 16.000000 -0.003891 0.010255 99.409286 0.956461 1.067916 1.199233 1.287503 1.351406 1.484234
4.000000 17.000000 0.008922 0.003987 100.507378 0.855366 1.156647 1.176588 1.279868 1.429528 1.442809
4.000000 18.000000 -0.004975 -0.004374 100.203117 0.965076 1.123867 1.341447 1.377406 1.393062 1.517993
4.000000 19.000000 -0.007410 0.017597 100.969986 0.905469 1.110287 1.336658 1.205222 1.398523 1.531713
4.000000 20.000000 -0.022228 -0.009233 99.903969 1.017740 1.042599 1.160754 1.217443 1.368293 1.549050
4.000000 21.000000 0.000894 0.003140 100.226906 0.998254 1.125862 1.234485 1.357662 1.373931 1.503145
4.000000 22.000000 0.001295 -0.007074 100.665894 1.017997 0.936763 1.217949 1.185309 1.362544 1.502495
4.000000 23.000000 -0.007877 0.004061 99.613266 0.948657 1.087899 1.239069 1.204981 1.418239 1.483665
4.000000 24.000000 0.020274 -0.008804 99.899414 0.858299 1.201453 1.209515 1.300579 1.389352 1.489294
4.000000 25.000000 0.001995 -0.012296 99.505257 0.943476 1.092665 1.347901 1.272333 1.439291 1.495167
4.000000 26.000000 0.005210 0.006011 100.177841 0.982209 1.139475 1.175017 1.369829 1.475650 1.420234
4.000000 27.000000 0.005918 -0.004803 99.482231 0.879071 1.051741 1.248877 1.271556 1.368426 1.529600
4.000000 28.000000 0.012571 0.003414 99.765739 0.993377 1.158818 1.271263 1.348592 1.471529 1.453238
4.000000 29.000000 0.008288 -0.012036 100.614143 0.912709 1.172406 1.213281 1.246906 1.410373 1.472279
4.000000 30.000000 0.000370 0.005220 99.990494 0.977341 1.102431 1.140831 1.233677 1.434237 1.465975
4.000000 31.000000 0.013760 -0.005866 98.759834 0.920298 1.144639 1.265579 1.384541 1.328899 1.386305
4.000000 32.000000 -0.004685 0.010084 100.991287 0.933963 1.144994 1.243408 1.324812 1.361007 1.505639
4.000000 33.000000 0.018496 0.013090 99.822609 0.886769 1.051814 1.164954 1.396010 1.395255 1.542074
4.000000 34.000000 -0.000848 -0.008590 99.502571 0.952144 1.119608 1.232629 1.319556 1.409906 1.460169
4.000000 35.000000 0.004238 -0.019311 99.484856 1.024817 1.127169 1.238128 1.197134 1.344806 1.521973
4.000000 36.000000 -0.006885 0.008210 99.055634 0.918899 1.106904 1.138051 1.264353 1.479928 1.438403
4.000000 37.000000 -0.009986 0.005683 99.561966 0.895869 1.041659 1.195548 1.168825 1.416095 1.449005
4.000000 38.000000 0.016940 -0.000735 100.535492 0.942546 1.106304 1.111575 1.265954 1.303711 1.496326
4.000000 39.000000 -0.008184 0.007492 100.404999 0.961423 1.162632 1.335366 1.306542 1.454571 1.451341
4.000000 40.000000 0.010687 0.000327 100.088020 0.947675 1.132114 1.204027 1.373776 1.342554 1.505276
4.000000 41.000000 0.000752 -0.005479 99.941025 1.079966 1.113956 1.301775 1.231125 1.305457 1.485964
4.000000 42.000000 -0.008059 -0.003644 100.051704 0.952928 1.144670 1.316185 1.272523 1.386997 1.489993
4.000000 43.000000 0.023303 -0.020205 100.676895 0.981422 1.210636 1.263530 1.229302 1.548102 1.439804
4.000000 44.000000 0.014647 -0.000477 100.087402 1.019149 1.124324 1.313707 1.253990 1.347191 1.472338
4.000000 45.000000 0.015192 0.009398 99.357246 1.001727 1.084586 1.263276 1.280871 1.400872 1.562733
4.000000 46.000000 0.003637 0.013222 99.561165 0.911893 1.041788 1.196010 1.220748 1.284367 1.424687
4.000000 47.000000 -0.006235 -0.011180 99.815254 0.955098 1.050866 1.385771 1.304335 1.341556 1.498388
4.000000 48.000000 -0.013697 -0.014469 99.002274 0.959603 0.962277 1.283198 1.147463 1.383252 1.485839
4.000000 49.000000 -0.002080 0.015446 99.684639 0.919122 1.082881 1.185516 1.315399 1.342393 1.453398
4.000000 50.000000 0.004676 0.018565 99.630432 0.999119 1.174712 1.203169 1.336733 1.398674 1.507596
4.000000 51.000000 0.004072 -0.015585 99.895851 0.970791 1.143310 1.194021 1.350215 1.316739 1.613922
4.000000 52.000000 -0.006780 -0.013674 100.206512 0.932391 1.139440 1.291121 1.329898 1.420792 1.470360
4.000000 53.000000 -0.000129 0.001665 100.568062 0.981826 1.101919 1.229309 1.253790 1.393987 1.486958
4.000000 54.000000 -0.009115 0.008751 100.157898 1.018444 1.009782 1.237485 1.327648 1.345933 1.476524
4.000000 55.000000 0.006888 0.025566 99.347351 0.895235 1.015553 1.288184 1.330896 1.317653 1.453899
4.000000 56.000000 0.010087 0.007240 99.370979 0.945303 1.151693 1.294301 1.275123 1.411402 1.476254
4.000000 57.000000 0.011624 0.005510 100.229218 0.932211 1.148181 1.231755 1.391403 1.336236 1.472888
4.000000 58.000000 0.000065 0.001898 100.192589 0.897678 1.011551 1.239151 1.252268 1.296794 1.446159
4.000000 59.000000 -0.000793 -0.002653 100.545868 0.899183 1.123272 1.270946 1.260954 1.385072 1.484176
4.000000 60.000000 -0.010288 0.001459 99.213028 0.909178 1.120731 1.293225 1.306954 1.406427 1.453732
4.000000 61.000000 -0.010954 0.000485 99.743469 0.997094 1.094196 1.117485 1.351256 1.368001 1.526597
4.000000 62.000000 0.018276 -0.008548 99.501724 0.880272 1.034805 1.290507 1.295563 1.356556 1.549309
4.000000 63.000000 0.009448 -0.013040 100.094322 0.833419 0.994293 1.233624 1.225904 1.401889 1.509299
4.000000 64.000000 -0.010795 0.006711 99.700043 0.902492 1.086219 1.304888 1.335303 1.478138 1.481378
4.000000 65.000000 0.001574 0.002036 101.237152 0.933833 1.129296 1.303941 1.355165 1.459170 1.540390
4.000000 66.000000 0.010937 0.018787 99.927574 1.025328 1.092244 1.259837 1.210152 1.420794 1.463796
4.000000 67.000000 0.002439 -0.006625 98.956314 1.000856 1.058371 1.308203 1.363075 1.527198 1.456573
4.000000 68.000000 -0.009463 0.005719 100.228867 0.947973 1.095705 1.261679 1.130509 1.357767 1.502290
4.000000 69.000000 -0.002144 0.009374 99.696068 0.974574 1.122122 1.121645 1.262584 1.462403 1.534750
4.000000 70.000000 0.007045 0.002575 100.046257 0.935872 1.161305 1.223770 1.279243 1.375388 1.494060
4.000000 71.000000 0.018169 -0.016097 100.066460 0.970226 1.044119 1.283001 1.301980 1.497065 1.464346
4.000000 72.000000 0.003687 -0.000671 101.156967 0.927354 1.024039 1.262906 1.343501 1.406558 1.520318
4.000000 73.000000 0.015217 0.014921 101.090355 0.960671 1.035173 1.268212 1.267233 1.352085 1.519369
4.000000 74.000000 0.004413 0.012581 99.905540 1.039202 1.059930 1.187858 1.288955 1.312576 1.501400
4.000000 75.000000 0.008478 -0.011620 99.699104 0.969200 1.038398 1.252102 1.257967 1.418065 1.391683
4.000000 76.000000 0.024368 -0.004903 100.009743 0.999432 1.127982 1.151272 1.307712 1.346343 1.535578
4.000000 77.000000 -0.005400 0.001975 99.749031 0.990279 1.018774 1.115872 1.220783 1.387293 1.491697
4.000000 78.000000 -0.000465 0.001606 99.793610 0.950420 1.141200 1.101446 1.292834 1.434473 1.534390
4.000000 79.000000 0.011435 -0.013137 100.239708 0.864720 1.138471 1.182509 1.396608 1.279974 1.424826
4.000000 80.000000 0.004580 -0.011840 100.200417 0.918327 1.049323 1.278742 1.247801 1.399758 1.502497
4.000000 81.000000 -0.010484 -0.004760 100.208748 0.845934 1.153185 1.265197 1.319182 1.320489 1.511448
4.000000 82.000000 -0.001325 0.002983 99.659676 0.923667 1.074595 1.337031 1.301093 1.395923 1.472564
4.000000 83.000000 -0.007270 -0.001720 99.729851 0.875227 1.209720 1.315935 1.348872 1.431243 1.552924
4.000000 84.000000 -0.001403 0.021542 100.065987 1.112554 1.164727 1.271263 1.220752 1.426122 1.439873
4.000000 85.000000 -0.000916 -0.015570 99.800583 0.944191 1.066696 1.165263 1.326328 1.447768 1.559996
4.000000 86.000000 -0.001195 -0.014056 101.519768 0.906110 1.061997 1.205462 1.355142 1.395704 1.568358
4.000000 87.000000 0.006434 -0.008698 99.377594 0.968464 1.067922 1.170781 1.309195 1.306089 1.529073
4.000000 88.000000 0.026489 -0.011986 99.986946 1.001323 0.946015 1.179027 1.328975 1.413541 1.454923
4.000000 89.000000 -0.021448 -0.022560 99.813797 0.996027 1.059832 1.254365 1.440104 1.495626 1.427203
4.000000 90.000000 -0.002435 -0.000115 99.968597 0.999838 1.094797 1.150394 1.321394 1.489159 1.497240
4.000000 91.000000 0.000859 0.008885 100.627274 1.070453 1.054552 1.190845 1.236338 1.433811 1.448941
4.000000 92.000000 -0.005497 0.009138 100.022682 0.937017 1.142962 1.306483 1.369548 1.385892 1.493208
4.000000 93.000000 0.009546 -0.009689 100.148438 1.027182 1.129374 1.262310 1.323367 1.476910 1.529221
4.000000 94.000000 0.004558 0.014207 99.703903 0.800141 1.076864 1.223603 1.286002 1.315087 1.466541
4.000000 95.000000 -0.000400 -0.003564 100.648796 0.935443 1.072183 1.163844 1.296938 1.396665 1.578117
4.000000 96.000000 0.005387 -0.016167 99.074356 0.939570 1.153719 1.267523 1.402772 1.515147 1.470547
4.000000 97.000000 -0.001694 -0.009751 100.095390 0.977161 1.157517 1.318090 1.360796 1.339557 1.547587
4.000000 98.000000 -0.003163 0.001803 100.409233 0.854406 1.176881 1.256064 1.327370 1.412352 1.425884
4.000000 99.000000 0.001568 0.002024 100.315086 0.966986 1.081597 1.339785 1.320481 1.467061 1.495067
4.000000 100.000000 0.010512 -0.003996 99.772339 0.837144 1.047015 1.295893 1.389164 1.396629 1.511057
4.000000 101.000000 0.005738 -0.007743 99.864166 0.935059 1.097851 1.331799 1.362737 1.387535 1.516301
4.000000 102.000000 0.015120 0.002953 99.845840 0.902799 1.144381 1.181472 1.323353 1.468418 1.458871
4.000000 103.000000 -0.013992 0.003929 99.719933 1.139673 1.180396 1.207677 1.247257 1.500751 1.567639
4.000000 104.000000 0.014455 -0.002973 99.755493 0.937246 1.049428 1.195242 1.330001 1.396143 1.340601
4.000000 105.000000 0.015213 -0.003969 100.417679 1.014346 1.138359 1.257060 1.315648 1.405707 1.532551
4.000000 106.000000 0.001209 -0.000814 100.764008 0.831729 1.150849 1.285841 1.317594 1.487282 1.521944
4.000000 107.000000 0.018839 0.013747 99.832047 1.063156 1.105469 1.143248 1.250609 1.372574 1.531185
4.000000 108.000000 -0.016174 0.001982 100.962364 0.916956 1.130040 1.281817 1.479644 1.310352 1.527802
4.000000 109.000000 -0.007709 -0.014026 100.931015 0.908568 1.091062 1.255389 1.249012 1.325854 1.460714
4.000000 110.000000 -0.001543 0.012975 100.516998 0.949992 1.060645 1.240718 1.395287 1.348981 1.563082
4.000000 111.000000 -0.006969 -0.000590 99.880386 0.966798 1.032836 1.179455 1.252167 1.409669 1.592156
4.000000 112.000000 0.010845 -0.003433 100.022789 0.980288 1.160528 1.198865 1.440324 1.390368 1.478425
4.000000 113.000000 -0.008287 -0.003664 99.715652 0.881207 1.183987 1.219369 1.248925 1.384357 1.520913
4.000000 114.000000 0.005075 0.009819 100.179298 0.933979 1.109610 1.352478 1.351743 1.404132 1.467091
4.000000 115.000000 -0.004626 -0.007546 99.705406 1.008591 1.141961 1.211616 1.319287 1.459339 1.632454
4.000000 116.000000 0.001993 0.013591 100.208733 1.006977 1.066687 1.196111 1.294960 1.481448 1.575947
4.000000 117.000000 0.005793 -0.001554 100.727646 0.874145 1.146481 1.249556 1.222335 1.369258 1.604757
4.000000 118.000000 0.006689 -0.024030 100.898621 1.007687 1.048588 1.215760 1.345496 1.427961 1.548323
4.000000 119.000000 0.020629 -0.004568 100.113777 1.004622 1.082548 1.248526 1.467432 1.424440 1.596443
4.000000 120.000000 0.011664 0.004260 100.276886 1.013126 1.075043 1.223729 1.368133 1.305385 1.586375
4.000000 121.000000 -0.012181 -0.019836 99.755547 0.949564 1.207752 1.292199 1.294461 1.395375 1.611494
4.000000 122.000000 0.004283 -0.016172 100.179077 0.922996 1.140361 1.127690 1.419567 1.334053 1.584943
4.000000 123.000000 -0.009710 0.018568 98.985443 1.085244 1.116772 1.259495 1.189425 1.365908 1.544394
4.000000 124.000000 0.007986 -0.008394 99.662971 1.026873 1.142582 1.342547 1.323724 1.372895 1.555002
4.000000 125.000000 -0.007258 -0.004747 100.183372 0.933241 1.103195 1.342799 1.288298 1.437654 1.590191
4.000000 126.000000 0.005238 -0.013739 100.127937 0.930460 1.106968 1.325339 1.246551 1.449253 1.596073
4.000000 127.000000 -0.017427 -0.011486 100.209457 1.039575 1.082870 1.322565 1.201114 1.409101 1.600283
4.000000 128.000000 -0.011101 0.011964 99.949539 1.003171 1.177930 1.211720 1.338608 1.537524 1.507879
4.000000 129.000000 -0.000958 -0.014769 99.074806 0.989920 1.053534 1.193539 1.310191 1.443476 1.462615
4.000000 130.000000 -0.007828 0.002602 99.661575 1.035673 1.118400 1.357526 1.249963 1.482784 1.546854
4.000000 131.000000 -0.007378 -0.018059 99.930931 0.998602 1.108835 1.307047 1.326308 1.425142 1.553900
4.000000 132.000000 0.008659 0.001985 100.114685 0.924288 1.261413 1.211112 1.388547 1.457760 1.576916
4.000000 133.000000 0.007007 0.013377 99.994133 1.036523 1.199887 1.265941 1.264866 1.496837 1.534167
4.000000 134.000000 -0.012969 0.001699 99.947403 1.072220 1.028485 1.280375 1.349746 1.342402 1.536250
4.000000 135.000000 -0.006275 0.006261 100.359978 0.951443 1.214135 1.372600 1.458987 1.396090 1.519100
4.000000 136.000000 -0.005936 0.011600 99.119736 1.041342 1.135808 1.217508 1.353095 1.324733 1.485345
4.000000 137.000000 -0.004718 -0.007542 99.866638 1.033807 1.043504 1.321716 1.349623 1.369191 1.639896
4.000000 138.000000 0.004193 0.020711 99.689140 0.916389 1.065250 1.337591 1.333978 1.500823 1.601980
4.000000 139.000000 0.007864 0.005237 99.528336 1.081954 1.280461 1.262390 1.304529 1.505120 1.552952
4.000000 140.000000 0.003115 0.007710 99.781235 0.979617 0.961242 1.281301 1.215546 1.463726 1.615148
4.000000 141.000000 0.006580 -0.002761 99.686012 0.907779 1.156778 1.257190 1.305639 1.479129 1.494582
4.000000 142.000000 -0.008917 0.020140 100.043678 1.036248 1.161015 1.281938 1.253271 1.397669 1.588697
4.000000 143.000000 -0.001316 0.003491 100.401970 0.800565 1.121302 1.264404 1.332486 1.495843 1.551029
4.000000 144.000000 -0.009873 0.014630 99.403740 0.975931 1.121968 1.204980 1.220209 1.409624 1.594897
4.000000 145.000000 -0.021655 0.003825 101.080231 1.067769 1.082209 1.271881 1.286565 1.488029 1.540156
4.000000 146.000000 -0.003417 0.002378 100.844032 0.917035 1.239590 1.199389 1.436459 1.527481 1.571163
4.000000 147.000000 -0.017317 -0.001359 100.495903 1.032432 1.212052 1.246473 1.361116 1.549190 1.554480
4.000000 148.000000 0.004008 0.005421 101.201431 0.963959 1.139983 1.224795 1.313564 1.570201 1.555518
4.000000 149.000000 0.002413 0.005643 100.613678 0.963503 1.026236 1.287314 1.244681 1.404130 1.623173
4.000000 150.000000 -0.002661 0.013861 100.321716 1.114364 1.146578 1.355669 1.370668 1.527276 1.505439
4.000000 151.000000 -0.008577 -0.007423 99.264671 0.957223 1.077042 1.427478 1.366223 1.493386 1.681404
4.000000 152.000000 -0.026707 -0.003496 99.936333 0.936181 1.209187 1.241067 1.444399 1.547785 1.555285
4.000000 153.000000 -0.017373 0.010232 100.176628 1.002686 1.119077 1.394664 1.332833 1.444510 1.599847
4.000000 154.000000 -0.009899 0.003440 100.428879 0.993169 1.242535 1.386319 1.359363 1.387513 1.562139
4.000000 155.000000 -0.001875 0.007364 100.575180 1.078739 1.014113 1.303501 1.327035 1.564464 1.601598
4.000000 156.000000 0.005520 0.002630 100.420532 1.011367 1.113936 1.212090 1.380200 1.513979 1.580552
4.000000 157.000000 0.020267 -0.003985 99.398735 0.991398 1.113004 1.286970 1.329241 1.477268 1.505543
4.000000 158.000000 -0.005017 -0.010028 100.460899 1.058823 1.225023 1.274594 1.357192 1.502969 1.627756
4.000000 159.000000 -0.013615 -0.001022 100.172943 0.924568 1.124795 1.369165 1.332521 1.414981 1.512285
4.000000 160.000000 -0.001055 -0.018226 98.894035 0.949608 1.061484 1.227327 1.374026 1.470034 1.569430
4.000000 161.000000 -0.002998 0.017346 100.451286 1.061845 1.109331 1.274508 1.439027 1.440128 1.643380
4.000000 162.000000 0.006554 -0.008536 100.307487 1.019785 1.232670 1.209264 1.319898 1.413910 1.621810
4.000000 163.000000 0.004970 -0.006763 99.691322 1.029631 1.084932 1.298997 1.412806 1.406814 1.610857
4.000000 164.000000 0.000050 0.003002 100.461472 1.016910 1.145446 1.250286 1.322510 1.473683 1.597705
4.000000 165.000000 0.005615 0.003345 100.186096 0.953121 1.162613 1.346361 1.446604 1.507095 1.555875
4.000000 166.000000 -0.013897 -0.001722 99.972855 0.999157 1.219870 1.199655 1.433799 1.482136 1.602870
4.000000 167.000000 0.005637 -0.002906 101.024200 1.078968 1.195011 1.305241 1.397230 1.563799 1.539928
4.000000 168.000000 0.010126 0.012036 100.591232 0.991536 1.167897 1.264798 1.295649 1.441374 1.674341
4.000000 169.000000 -0.016509 0.027726 99.863487 1.027405 1.080520 1.355519 1.346799 1.467732 1.677709
4.000000 170.000000 -0.001959 -0.008117 99.854218 0.985659 1.111049 1.290901 1.356734 1.451968 1.571275
4.000000 171.000000 0.002435 -0.022684 100.371391 1.084967 1.193735 1.372381 1.331425 1.528605 1.598561
4.000000 172.000000 0.009067 -0.013261 99.978172 0.943111 1.196844 1.311471 1.425742 1.561731 1.556218
4.000000 173.000000 0.014188 -0.000654 100.040970 1.102567 1.207884 1.300618 1.364652 1.526415 1.599160
4.000000 174.000000 0.008246 -0.002420 99.782967 1.120566 1.234104 1.282092 1.421364 1.516500 1.735116
4.000000 175.000000 -0.005954 -0.007030 99.695694 0.866960 1.198511 1.200245 1.288851 1.508328 1.585788
4.000000 176.000000 -0.000075 -0.007276 100.472549 1.013791 1.148604 1.349163 1.529132 1.457052 1.680515
4.000000 177.000000 0.003581 0.016225 99.493515 0.971454 1.088762 1.216122 1.384696 1.458350 1.537595
4.000000 178.000000 0.001981 -0.009758 100.003021 1.070589 1.118144 1.363950 1.537578 1.470435 1.561381
4.000000 179.000000 -0.010010 0.001513 100.643837 1.023133 1.258995 1.331492 1.361668 1.537585 1.725216
4.000000 180.000000 0.024586 -0.003645 100.111221 1.020496 1.099530 1.304459 1.424644 1.498629 1.599146
5.000000 1.000000 0.007293 -0.003719 99.575897 1.033824 1.191504 1.298365 1.237822 1.466454 1.506245
5.000000 2.000000 -0.009059 -0.004973 100.229568 0.942566 1.077557 1.121392 1.336586 1.405017 1.459185
5.000000 3.000000 0.015375 0.000965 100.081024 1.028123 1.129139 1.193822 1.282794 1.400221 1.525492
5.000000 4.000000 0.007169 0.007178 100.085983 1.039442 1.099217 1.255960 1.324754 1.269475 1.486565
5.000000 5.000000 0.001054 -0.003794 99.975121 0.965194 1.115032 1.323129 1.338847 1.406384 1.528412
5.000000 6.000000 -0.000950 0.009967 99.622719 1.019578 1.008271 1.178637 1.167119 1.459055 1.493205
5.000000 7.000000 -0.001321 0.007618 100.366455 0.981198 1.232405 1.121605 1.340883 1.474830 1.476694
5.000000 8.000000 -0.007907 -0.012010 99.865211 1.022104 1.167850 1.261978 1.306406 1.310381 1.556129
5.000000 9.000000 -0.000083 -0.001371 99.610886 1.084908 1.175255 1.233091 1.347599 1.427888 1.404560
5.000000 10.000000 0.000194 0.015156 100.386269 1.109450 1.199884 1.148880 1.279273 1.363733 1.522086
5.000000 11.000000 0.005136 0.029918 99.843712 0.942773 1.145927 1.220504 1.420459 1.435223 1.450082
5.000000 12.000000 0.006994 -0.014778 99.739441 0.935327 1.214525 1.315564 1.285165 1.381918 1.544726
5.000000 13.000000 -0.010120 0.011784 99.753868 1.024773 1.202370 1.231636 1.300488 1.333191 1.492428
5.000000 14.000000 -0.001364 0.025217 99.359337 0.981116 1.131079 1.189266 1.394344 1.413199 1.504506
5.000000 15.000000 0.003707 -0.009909 99.906372 0.938754 1.110431 1.206820 1.263590 1.443422 1.521629
5.000000 16.000000 0.005660 -0.001930 99.328506 1.127546 1.140635 1.145334 1.273991 1.366450 1.501382
5.000000 17.000000 0.000349 0.012702 100.862297 1.002641 1.116396 1.180483 1.437497 1.359672 1.544945
5.000000 18.000000 -0.005726 0.002110 100.223160 1.063451 1.110893 1.078005 1.321256 1.279178 1.531121
5.000000 19.000000 -0.002318 -0.010850 100.772392 1.091678 1.153279 1.235573 1.281864 1.489984 1.498443
5.000000 20.000000 0.005289 -0.007908 100.126678 1.086589 1.208381 1.276259 1.342855 1.481058 1.431427
5.000000 21.000000 0.005656 0.021526 99.347321 0.979221 1.157554 1.162055 1.290364 1.370630 1.441330
5.000000 22.000000 0.016413 0.020605 99.314514 0.963553 1.119097 1.176806 1.297536 1.515055 1.490912
5.000000 23.000000 -0.030287 0.006921 100.223679 0.987333 1.053361 1.239461 1.337179 1.452220 1.534840
5.000000 24.000000 0.008293 -0.004883 100.337906 0.909159 1.152771 1.250022 1.293068 1.412182 1.413889
5.000000 25.000000 0.013212 0.000198 99.720467 0.976306 1.073844 1.249125 1.253102 1.311211 1.545396
5.000000 26.000000 -0.003854 0.006036 99.984856 1.108781 1.208441 1.109947 1.309611 1.374311 1.478590
5.000000 27.000000 0.017258 0.002350 99.579216 0.996792 1.167685 1.242901 1.321451 1.432551 1.518026
5.000000 28.000000 0.010692 0.023121 101.430634 1.015980 1.110322 1.259061 1.339360 1.362687 1.451099
5.000000 29.000000 0.018457 -0.019733 99.485657 0.937293 1.132764 1.237513 1.258227 1.480414 1.508302
5.000000 30.000000 -0.013580 -0.013368 99.938362 0.978135 1.158270 1.215384 1.336836 1.337730 1.420674
5.000000 31.000000 -0.000941 -0.011084 99.311882 0.978981 1.052165 1.218456 1.294387 1.267812 1.385763
5.000000 32.000000 0.000521 -0.022515 100.117203 1.093261 1.084220 1.127275 1.278419 1.387890 1.555627
5.000000 33.000000 0.001018 -0.002370 99.960487 1.131230 1.179706 1.264014 1.262180 1.494176 1.470814
5.000000 34.000000 -0.020198 0.007482 99.946793 0.954380 1.165003 1.159192 1.251818 1.358706 1.512941
5.000000 35.000000 -0.002053 0.009683 100.071815 1.059901 1.196799 1.303557 1.278832 1.481875 1.439774
5.000000 36.000000 0.010675 0.000899 100.257622 1.000628 1.128230 1.330604 1.257896 1.401310 1.494042
5.000000 37.000000 -0.007147 -0.016506 99.089684 1.059213 1.078948 1.215157 1.315433 1.378448 1.525129
5.000000 38.000000 0.015097 -0.003125 99.664398 0.930048 1.178102 1.152684 1.397714 1.417991 1.410308
5.000000 39.000000 -0.008822 0.010733 99.314430 0.915330 1.126900 1.309722 1.329427 1.419959 1.472575
5.000000 40.000000 0.005195 0.007303 99.857643 1.005401 1.120137 1.166328 1.250214 1.378943 1.534301
5.000000 41.000000 0.002494 -0.009951 99.949692 1.053609 1.090006 1.067195 1.300252 1.442599 1.452110
5.000000 42.000000 0.003119 0.012075 100.294510 0.989795 1.061141 1.155571 1.314833 1.408908 1.458746
5.000000 43.000000 0.011880 0.012341 98.909065 0.946613 1.116557 1.200868 1.296689 1.489127 1.478552
5.000000 44.000000 -0.003097 -0.007211 100.733620 1.061437 1.084705 1.258164 1.301353 1.434797 1.519474
5.000000 45.000000 -0.010174 -0.008128 99.678871 0.944373 1.112142 1.231200 1.326184 1.452039 1.561939
5.000000 46.000000 -0.004099 -0.001826 99.879234 0.908334 1.113176 1.242093 1.445776 1.366682 1.398077
5.000000 47.000000 0.015757 0.004868 99.871628 1.059605 1.073859 1.195640 1.389065 1.370207 1.428312
5.000000 48.000000 0.003478 -0.020949 100.282104 1.067916 1.091926 1.194709 1.308309 1.376857 1.539758
5.000000 49.000000 0.005076 -0.012408 100.623962 0.904921 1.130916 1.150055 1.286317 1.421246 1.544773
5.000000 50.000000 0.009655 -0.000870 100.198563 1.019237 1.159727 1.271641 1.358476 1.424465 1.534798
5.000000 51.000000 0.002683 -0.012716 99.358505 0.891127 1.181964 1.135010 1.315074 1.448324 1.467422
5.000000 52.000000 -0.007978 -0.009445 100.237488 0.957063 1.143152 1.227727 1.351048 1.358557 1.489533
5.000000 53.000000 -0.015343 0.005430 99.421555 0.978127 1.156154 1.265526 1.289043 1.295549 1.560993
5.000000 54.000000 0.003123 -0.004560 100.358231 1.124529 1.104492 1.264291 1.242987 1.391510 1.466422
5.000000 55.000000 0.006224 0.006675 98.791351 0.953161 1.092952 1.222589 1.217597 1.519839 1.413215
5.000000 56.000000 -0.002783 -0.010425 100.231102 0.934229 1.065808 1.209824 1.435856 1.480050 1.522195
5.000000 57.000000 -0.006225 0.010220 100.613701 0.976979 1.238715 1.226769 1.344248 1.380153 1.476176
5.000000 58.000000 -0.015013 0.003268 101.069214 1.016902 1.289386 1.200047 1.261706 1.381618 1.559957
5.000000 59.000000 -0.005600 -0.009041 100.670006 1.065990 1.200934 1.194475 1.406540 1.399330 1.516726
5.000000 60.000000 0.005697 0.000983 99.947639 0.908063 1.179281 1.241063 1.372711 1.389029 1.373058
5.000000 61.000000 0.009350 -0.003824 100.314377 1.048739 1.209967 1.285207 1.368855 1.358504 1.425473
5.000000 62.000000 0.002401 -0.013769 100.394432 1.006756 1.099372 1.213256 1.239599 1.448265 1.528217
5.000000 63.000000 -0.012877 -0.007370 100.454735 1.074239 1.128329 1.185451 1.368340 1.301283 1.493239
5.000000 64.000000 -0.005029 -0.006614 99.757950 1.050435 1.158084 1.188070 1.376887 1.415336 1.469579
5.000000 65.000000 0.004915 -0.001938 100.295456 1.046330 1.181425 1.246656 1.305291 1.473773 1.363846
5.000000 66.000000 0.000667 -0.012521 100.688599 0.990968 1.010821 1.139064 1.353502 1.423796 1.479694
5.000000 67.000000 -0.006873 0.007248 100.818970 0.924081 1.098221 1.270398 1.357033 1.473841 1.522320
5.000000 68.000000 -0.003078 -0.009351 99.710457 1.145807 1.186189 1.237488 1.370960 1.383085 1.429894
5.000000 69.000000 0.002323 0.001807 100.593224 1.001460 1.147944 1.253936 1.350536 1.348006 1.485150
5.000000 70.000000 -0.007740 -0.013852 99.919617 1.011818 1.255165 1.190438 1.368154 1.454079 1.591333
5.000000 71.000000 0.002918 0.003542 100.240005 0.995453 1.103298 1.173009 1.282366 1.469477 1.447928
5.000000 72.000000 -0.006736 -0.008468 99.450432 1.038687 1.251806 1.238235 1.444070 1.383213 1.569651
5.000000 73.000000 0.013680 -0.008420 99.528214 1.022245 1.127307 1.319687 1.390559 1.457196 1.532294
5.000000 74.000000 0.011144 0.017572 99.228333 0.948423 1.166087 1.284185 1.375641 1.469766 1.476396
5.000000 75.000000 -0.011923 -0.006911 100.080154 1.007085 1.100036 1.277676 1.474512 1.401328 1.541095
5.000000 76.000000 -0.003535 0.005817 100.259583 0.995750 1.130288 1.243890 1.321539 1.441294 1.433130
5.000000 77.000000 -0.001393 -0.003982 99.682991 1.036489 1.274920 1.157330 1.348752 1.357474 1.490436
5.000000 78.000000 -0.008875 0.011001 100.052048 0.952815 1.171421 1.246598 1.371029 1.328116 1.471603
5.000000 79.000000 -0.013657 0.017086 100.492531 1.111020 1.191362 1.238266 1.257406 1.473571 1.389670
5.000000 80.000000 0.006527 0.008894 99.757828 1.035548 1.025905 1.161588 1.419197 1.345843 1.520240
5.000000 81.000000 0.003569 -0.007987 99.666611 0.949741 1.048200 1.200387 1.261077 1.488157 1.369067
5.000000 82.000000 -0.010540 -0.001702 99.860565 1.058810 1.122668 1.293622 1.318253 1.424366 1.502789
5.000000 83.000000 -0.016007 -0.004197 99.240410 0.989050 1.088854 1.159359 1.409260 1.394760 1.478691
5.000000 84.000000 0.009701 0.013795 100.126747 1.016458 1.090420 1.174475 1.306118 1.401032 1.530779
5.000000 85.000000 -0.004521 0.017563 100.246925 1.064299 1.136441 1.231583 1.343610 1.371252 1.410947
5.000000 86.000000 0.010495 0.006100 99.862495 1.038238 1.028489 1.215934 1.309344 1.380408 1.550032
5.000000 87.000000 0.008157 -0.001382 99.414803 1.034383 1.086260 1.303689 1.281950 1.429349 1.436120
5.000000 88.000000 0.016534 0.017175 99.444878 1.037036 1.036644 1.197989 1.343714 1.418665 1.462986
5.000000 89.000000 -0.004889 0.007992 99.264061 0.950506 1.181371 1.194429 1.250770 1.320726 1.546832
5.000000 90.000000 -0.008274 -0.000650 99.876099 1.020558 1.133121 1.273680 1.238476 1.424353 1.507818
5.000000 91.000000 -0.004034 0.022301 99.273865 0.992790 1.007591 1.101341 1.339927 1.338698 1.496364
5.000000 92.000000 -0.006180 0.013154 100.216850 1.095170 1.142061 1.211201 1.318201 1.324288 1.438188
5.000000 93.000000 0.011801 -0.000655 99.088722 0.950196 1.051275 1.213241 1.355088 1.427894 1.423553
5.000000 94.000000 0.002932 -0.000979 99.974396 1.031435 1.221157 1.239757 1.399863 1.402791 1.380337
5.000000 95.000000 0.008612 0.007491 100.125992 1.106261 1.013532 1.190739 1.301473 1.557921 1.530596
5.000000 96.000000 -0.005518 -0.014659 100.100243 1.056597 1.071414 1.232483 1.375040 1.418269 1.432787
5.000000 97.000000 0.001242 0.008603 100.158875 0.927212 1.114064 1.194912 1.345443 1.374842 1.542698
5.000000 98.000000 0.004817 -0.011755 100.923103 0.930435 1.171333 1.282539 1.284646 1.316717 1.474561
5.000000 99.000000 -0.010967 0.012322 100.053993 0.978110 1.126426 1.345303 1.501591 1.409162 1.477719
5.000000 100.000000 0.013600 0.009402 100.403847 0.867039 1.076666 1.179101 1.278001 1.409076 1.558896
5.000000 101.000000 0.003928 -0.004934 100.352173 0.925883 1.156567 1.302496 1.323377 1.449399 1.434328
5.000000 102.000000 -0.012548 0.008607 100.195236 0.990467 1.132361 1.201467 1.273260 1.422050 1.499442
5.000000 103.000000 0.005588 -0.010321 100.124695 0.924430 1.136378 1.211247 1.327277 1.545233 1.415039
5.000000 104.000000 -0.004297 0.010479 100.231071 0.954058 1.013590 1.218693 1.377110 1.371669 1.475710
5.000000 105.000000 -0.012642 -0.003669 100.601913 0.851882 1.144457 1.267989 1.361087 1.343356 1.325090
5.000000 106.000000 0.006230 0.006458 100.337517 1.129147 1.179286 1.229409 1.397635 1.426674 1.528036
5.000000 107.000000 -0.004108 0.004788 100.422699 1.060375 1.199567 1.346223 1.352772 1.421615 1.452002
5.000000 108.000000 0.005535 -0.005041 100.087250 1.044571 1.160671 1.243246 1.273919 1.403661 1.610282
5.000000 109.000000 0.002915 -0.004433 100.828110 1.060399 1.213273 1.248804 1.305440 1.470418 1.515110
5.000000 110.000000 -0.000567 0.001804 99.710732 1.068169 1.135395 1.134263 1.292387 1.370791 1.454027
5.000000 111.000000 0.007462 0.005323 100.325348 1.023554 1.082910 1.296565 1.289869 1.445399 1.494936
5.000000 112.000000 0.005192 -0.009305 101.035240 1.124457 1.090431 1.313076 1.439018 1.462910 1.479717
5.000000 113.000000 0.004259 -0.005363 100.213531 0.904610 1.238019 1.317120 1.304035 1.437297 1.571569
5.000000 114.000000 -0.002170 -0.004255 100.142418 1.032295 1.181663 1.229565 1.276917 1.432625 1.533504
5.000000 115.000000 0.002628 0.005937 99.856689 1.029909 1.163275 1.314960 1.387413 1.448254 1.442692
5.000000 116.000000 -0.005603 0.001074 100.419304 1.036459 1.237059 1.286877 1.322996 1.384303 1.579851
5.000000 117.000000 0.000802 0.018948 100.755341 1.000779 1.234062 1.205067 1.334459 1.429659 1.557608
5.000000 118.000000 0.000515 -0.005988 100.112663 0.929320 1.145008 1.303752 1.471577 1.425723 1.510823
5.000000 119.000000 0.010494 0.009453 99.500641 0.997597 1.162460 1.208142 1.309198 1.397962 1.499137
5.000000 120.000000 -0.029530 -0.006802 100.377075 0.966449 1.192463 1.240337 1.286817 1.451618 1.485313
5.000000 121.000000 0.004805 -0.007517 99.531883 1.023560 1.185886 1.192186 1.291629 1.444121 1.474919
5.000000 122.000000 -0.021590 -0.017167 101.338509 0.932175 1.207696 1.329806 1.366952 1.462702 1.510791
5.000000 123.000000 -0.005321 0.004404 99.398323 0.950057 1.145884 1.290252 1.407687 1.469503 1.648212
5.000000 124.000000 -0.021355 0.012575 100.267242 1.085597 1.134059 1.249347 1.254307 1.487762 1.660531
5.000000 125.000000 -0.004884 0.000329 99.886688 1.031141 1.198931 1.266722 1.426751 1.423950 1.582207
5.000000 126.000000 -0.006684 -0.006455 99.411278 0.998896 1.153978 1.378955 1.362691 1.434787 1.640011
5.000000 127.000000 0.000288 0.001673 99.227242 1.228929 1.213250 1.293636 1.226975 1.501235 1.418149
5.000000 128.000000 -0.014366 0.009020 100.780083 1.126328 1.109826 1.251163 1.412925 1.430581 1.422561
5.000000 129.000000 0.006883 -0.008511 99.987022 1.047127 1.177564 1.152119 1.362696 1.455999 1.543503
5.000000 130.000000 -0.001484 -0.023439 99.644737 1.035795 1.062281 1.267295 1.375596 1.483818 1.511961
5.000000 131.000000 0.005181 0.011564 100.512978 1.031844 1.266163 1.220173 1.382468 1.359017 1.458437
5.000000 132.000000 0.001777 -0.016771 99.721268 0.971508 1.252190 1.219228 1.305936 1.491093 1.556937
5.000000 133.000000 -0.011026 0.000935 100.488899 1.100927 1.101640 1.291288 1.411849 1.492966 1.530152
5.000000 134.000000 0.012192 -0.007663 99.756996 1.018172 1.181969 1.274408 1.240300 1.492647 1.429133
5.000000 135.000000 0.007000 0.003205 100.677689 0.931851 1.145832 1.239914 1.415437 1.413263 1.437356
5.000000 136.000000 -0.023765 0.013847 99.818344 0.970427 1.178929 1.177832 1.439111 1.495723 1.507181
5.000000 137.000000 -0.001396 0.016038 100.061340 1.111586 1.226884 1.197373 1.312558 1.381549 1.640246
5.000000 138.000000 -0.006966 -0.007455 99.868294 1.089608 1.277774 1.346274 1.379159 1.347968 1.681298
5.000000 139.000000 0.001372 -0.001924 99.987076 1.021024 1.197763 1.336952 1.398785 1.506399 1.447150
5.000000 140.000000 0.010564 -0.012508 99.841034 1.050577 1.112223 1.257630 1.349730 1.527082 1.544784
5.000000 141.000000 0.016220 0.010655 100.343666 0.970864 1.176843 1.212746 1.359208 1.484556 1.418706
5.000000 142.000000 -0.005659 -0.005815 99.863480 0.998261 1.127545 1.194053 1.329513 1.477568 1.531717
5.000000 143.000000 0.015372 -0.017822 100.733414 1.066355 1.216869 1.238999 1.360256 1.437208 1.587333
5.000000 144.000000 0.000615 -0.021074 100.031693 0.939024 1.108218 1.281236 1.328413 1.614591 1.567331
5.000000 145.000000 0.000251 -0.006856 100.270958 1.017185 1.163934 1.267128 1.429216 1.480390 1.635529
5.000000 146.000000 0.003211 -0.000107 100.383766 1.025999 1.219700 1.356067 1.372833 1.459530 1.478010
5.000000 147.000000 0.009805 0.018831 100.327431 1.036422 1.123545 1.205048 1.391980 1.329888 1.523045
5.000000 148.000000 -0.014141 -0.011609 100.519142 1.058050 1.106220 1.273026 1.427702 1.449606 1.492197
5.000000 149.000000 0.028114 -0.002147 100.436684 1.047524 1.158888 1.317958 1.389193 1.471721 1.539375
5.000000 150.000000 -0.014859 0.003431 99.496132 1.018688 1.182571 1.225438 1.337243 1.498374 1.578887
5.000000 151.000000 0.015650 0.001978 100.189568 0.948814 1.221512 1.351807 1.369145 1.401018 1.529694
5.000000 152.000000 -0.005741 -0.002308 100.345879 1.021002 1.169622 1.271605 1.381214 1.329724 1.619519
5.000000 153.000000 -0.001668 0.000337 99.958832 1.035567 1.215000 1.240405 1.434510 1.466573 1.568342
5.000000 154.000000 0.007903 -0.013502 100.486008 1.076457 1.090169 1.274482 1.422516 1.483391 1.484345
5.000000 155.000000 0.006241 0.015163 100.214737 1.100525 1.173234 1.248265 1.368793 1.506594 1.509336
5.000000 156.000000 -0.001252 -0.014828 99.345505 1.097434 1.207752 1.320287 1.244789 1.307976 1.602248
5.000000 157.000000 0.002857 0.021595 100.848625 0.982773 1.203032 1.233089 1.469108 1.445815 1.579203
5.000000 158.000000 -0.002070 0.009609 99.068283 1.114103 1.033016 1.357186 1.398777 1.525051 1.599597
5.000000 159.000000 0.004000 -0.019339 100.409027 1.013200 1.162432 1.260008 1.440068 1.522948 1.665996
5.000000 160.000000 -0.012567 -0.013607 99.512558 0.995216 1.297257 1.238480 1.405186 1.499136 1.624182
5.000000 161.000000 0.018165 -0.006023 100.002007 1.016904 1.248211 1.078730 1.480242 1.374471 1.538422
5.000000 162.000000 0.012467 -0.011585 100.077461 0.992172 1.224409 1.232085 1.299352 1.391317 1.552490
5.000000 163.000000 -0.008656 -0.010752 99.891663 1.018615 1.169541 1.181280 1.322808 1.334635 1.627227
5.000000 164.000000 -0.006139 -0.015820 100.319756 0.961739 1.255136 1.305572 1.448472 1.554743 1.568565
5.000000 165.000000 -0.004860 -0.017175 100.350616 1.086170 1.160427 1.297071 1.369691 1.386539 1.523665
5.000000 166.000000 -0.013231 -0.007085 99.135010 0.997699 1.199271 1.278546 1.430578 1.492219 1.524845
5.000000 167.000000 0.007307 0.016106 99.374054 1.000594 1.241127 1.250367 1.370995 1.513575 1.522926
5.000000 168.000000 0.004010 0.006075 100.449104 1.076936 1.194726 1.383711 1.316211 1.570385 1.584808
5.000000 169.000000 0.013956 0.024266 100.398903 1.130147 1.237559 1.302686 1.345056 1.457893 1.618394
5.000000 170.000000 0.020470 -0.022059 100.655205 1.169794 1.108458 1.186973 1.321808 1.515082 1.510107
5.000000 171.000000 -0.000909 0.010902 100.118767 1.129246 1.258558 1.271796 1.261886 1.399938 1.551616
5.000000 172.000000 0.002133 -0.013188 100.236053 0.953218 1.273835 1.228249 1.373507 1.648631 1.620848
5.000000 173.000000 0.009240 -0.002400 99.408989 1.024446 1.197570 1.307481 1.436220 1.502403 1.502190
5.000000 174.000000 0.012047 0.014971 99.941566 1.184741 1.282399 1.142355 1.442015 1.452371 1.672040
5.000000 175.000000 -0.000518 -0.006943 98.774612 1.073693 1.133788 1.271655 1.477074 1.515720 1.531047
5.000000 176.000000 0.005867 0.001287 99.395546 1.052783 1.232832 1.219912 1.338467 1.522202 1.578203
5.000000 177.000000 -0.002673 -0.018328 100.683891 1.045889 1.177022 1.338390 1.398804 1.488074 1.543398
5.000000 178.000000 0.001250 -0.007626 100.075020 1.067350 1.143292 1.271926 1.343815 1.546862 1.583998
5.000000 179.000000 0.003257 -0.002143 100.921021 1.097438 1.249926 1.361545 1.422525 1.523266 1.730137
5.000000 180.000000 0.014302 0.021080 99.937172 1.103651 1.208327 1.324841 1.359615 1.458666 1.553419
6.000000 1.000000 -0.007829 0.004479 99.547569 1.003184 1.127075 1.101877 1.287754 1.409657 1.442557
6.000000 2.000000 0.006952 -0.015717 100.745018 1.095335 1.168166 1.193427 1.251209 1.405437 1.502574
6.000000 3.000000 0.002691 -0.022789 100.951973 1.107010 1.214420 1.166245 1.207095 1.359288 1.545129
6.000000 4.000000 -0.005532 0.008496 99.640732 0.916277 1.151962 1.369248 1.327652 1.347728 1.452911
6.000000 5.000000 0.008670 -0.019644 99.625893 1.050431 1.082500 1.168437 1.357383 1.429609 1.525806
6.000000 6.000000 -0.008933 0.004446 99.869804 1.090273 1.162540 1.121997 1.253441 1.274456 1.609679
6.000000 7.000000 0.010346 0.001954 100.321487 1.029433 1.031667 1.235350 1.283438 1.296808 1.599916
6.000000 8.000000 0.016771 0.010278 99.882912 0.948572 1.045912 1.120116 1.252940 1.484138 1.651732
6.000000 9.000000 0.000733 0.003849 100.143425 1.042338 1.069839 1.306131 1.302882 1.387552 1.462137
6.000000 10.000000 0.002909 -0.010779 99.962936 1.100663 1.196040 1.279526 1.230891 1.440386 1.628819
6.000000 11.000000 -0.002187 0.001238 99.717529 1.002301 1.088390 1.113344 1.289001 1.324315 1.389931
6.000000 12.000000 -0.000632 0.002482 100.597504 0.961515 1.119104 1.245461 1.259782 1.330481 1.597892
6.000000 13.000000 0.003098 -0.007850 99.890800 1.013904 1.027894 1.203372 1.146888 1.320786 1.518872
6.000000 14.000000 0.001714 -0.009494 99.410103 0.906036 1.001482 1.163787 1.348291 1.402547 1.565757
6.000000 15.000000 -0.001727 -0.010556 99.390205 0.881819 1.051668 1.132466 1.283293 1.349876 1.528314
6.000000 16.000000 0.007044 -0.006406 99.957397 0.963114 1.083885 1.150714 1.262802 1.461242 1.394909
6.000000 17.000000 0.000318 0.001719 100.127190 1.070866 1.217422 1.162355 1.200194 1.388460 1.580016
6.000000 18.000000 0.009626 -0.009151 99.262413 1.102528 1.080910 1.134046 1.242600 1.338758 1.551773
6.000000 19.000000 -0.003812 0.015271 100.130722 1.040740 1.249009 1.193308 1.187360 1.477308 1.518034
6.000000 20.000000 0.000632 0.000260 100.483902 1.014765 1.107436 1.362860 1.243649 1.494401 1.492790
6.000000 21.000000 0.004214 -0.009170 100.646622 1.148322 1.017421 1.251285 1.309438 1.366343 1.466083
6.000000 22.000000 0.002793 0.007818 99.912933 1.021567 1.186140 1.120731 1.299493 1.375439 1.538373
6.000000 23.000000 -0.011962 0.008003 99.609413 1.040629 1.152340 1.167586 1.304951 1.377833 1.566660
6.000000 24.000000 -0.007204 -0.006423 99.280312 0.998967 1.034124 1.293683 1.218015 1.462170 1.696831
6.000000 25.000000 0.007240 0.004823 100.131462 1.002756 1.012264 1.152081 1.266265 1.331014 1.577415
6.000000 26.000000 0.008675 0.017483 101.385712 0.987667 1.124989 1.177484 1.189663 1.422992 1.442577
6.000000 27.000000 0.002845 -0.016391 99.968384 0.983987 1.189736 1.196959 1.266224 1.413197 1.526667
6.000000 28.000000 -0.003194 0.008805 100.810944 0.956067 1.081635 1.138465 1.440483 1.506827 1.511377
6.000000 29.000000 0.006444 0.008570 100.073578 1.068959 1.119319 1.077729 1.293715 1.431728 1.467564
6.000000 30.000000 0.002573 0.000723 100.499046 1.119964 1.142356 1.232647 1.305297 1.384245 1.515959
6.000000 31.000000 0.003838 0.007564 99.514999 1.030444 1.110788 1.146087 1.358809 1.312907 1.403562
6.000000 32.000000 -0.001239 0.018289 99.711334 0.990959 1.105636 1.170633 1.210625 1.361147 1.600242
6.000000 33.000000 -0.009423 -0.000113 99.491409 1.025547 1.033275 1.148739 1.238721 1.442982 1.490461
6.000000 34.000000 0.011247 -0.000035 99.586868 0.982561 0.947918 1.172027 1.347384 1.346935 1.633757
6.000000 35.000000 -0.002370 -0.005334 99.734779 0.999242 1.059570 1.103447 1.318437 1.473841 1.636104
6.000000 36.000000 0.001911 0.006928 100.452583 1.019078 1.032477 1.176340 1.349602 1.410053 1.468725
6.000000 37.000000 0.019304 -0.005747 100.834816 1.022488 1.057555 1.248651 1.230055 1.343328 1.574397
6.000000 38.000000 0.010304 -0.003349 99.490219 1.061659 1.142516 1.205291 1.343929 1.500523 1.596498
6.000000 39.000000 -0.000471 0.010785 101.324478 0.995377 1.192439 1.123642 1.269994 1.493729 1.468065
6.000000 40.000000 0.013322 0.009021 99.822273 1.050806 1.097232 1.227161 1.276723 1.529929 1.494771
6.000000 41.000000 0.015598 0.011967 100.366852 1.021429 1.088513 1.129044 1.198980 1.464748 1.551199
6.000000 42.000000 -0.004029 -0.004860 100.289566 1.017149 1.197888 1.199331 1.289584 1.316029 1.490482
6.000000 43.000000 -0.012964 -0.002700 99.737503 1.057720 1.109556 1.154850 1.250081 1.389657 1.497560
6.000000 44.000000 0.006920 -0.026786 99.748451 0.963069 1.101031 1.292972 1.177129 1.320318 1.564132
6.000000 45.000000 -0.000971 0.007115 100.630013 0.954892 1.048183 1.182139 1.315017 1.376504 1.536609
6.000000 46.000000 -0.009929 -0.006292 101.342117 0.954301 1.032256 1.293637 1.194611 1.374068 1.605011
6.000000 47.000000 0.003747 -0.004584 99.913963 0.988839 1.019124 1.179691 1.180343 1.487395 1.550815
6.000000 48.000000 -0.001522 0.008563 99.566765 0.917718 1.053290 1.179889 1.344770 1.424943 1.460241
6.000000 49.000000 0.006545 -0.009135 100.363480 0.979648 1.069905 1.246209 1.274276 1.374615 1.581671
6.000000 50.000000 -0.001455 0.000844 98.972672 0.996540 1.183439 1.155172 1.341743 1.360626 1.536948
6.000000 51.000000 -0.013313 -0.005016 100.695282 0.944534 1.101300 1.139112 1.232486 1.464425 1.576446
6.000000 52.000000 -0.005616 0.018918 100.405991 1.058729 1.131417 1.139662 1.298059 1.380202 1.549640
6.000000 53.000000 0.003861 0.000146 100.330971 1.021619 1.106154 1.191423 1.250272 1.452212 1.516982
6.000000 54.000000 0.014045 -0.012830 99.690468 1.064937 1.118964 1.168390 1.337313 1.434985 1.586658
6.000000 55.000000 -0.012674 -0.014388 99.514511 1.027523 1.166539 1.201621 1.256656 1.385183 1.530777
6.000000 56.000000 0.001975 0.015178 99.770363 1.015047 1.018747 1.155877 1.197152 1.300079 1.470707
6.000000 57.000000 0.018680 0.000378 99.085297 0.971616 1.100694 1.159349 1.236825 1.388384 1.612308
6.000000 58.000000 0.003463 -0.005118 100.191582 1.011934 1.054545 1.177525 1.288128 1.475082 1.533956
6.000000 59.000000 0.006229 -0.007572 100.656250 0.908323 1.134574 1.102422 1.220501 1.287521 1.494969
6.000000 60.000000 0.003385 0.010268 99.878822 0.946865 1.115544 1.160052 1.399575 1.384383 1.644899
6.000000 61.000000 0.001886 -0.002636 99.860184 0.983330 1.158093 1.187387 1.345791 1.417313 1.554187
6.000000 62.000000 -0.005965 -0.004542 100.631447 0.954915 1.115963 1.124864 1.126283 1.327068 1.549936
6.000000 63.000000 0.002824 -0.000414 100.569557 1.124445 1.130763 1.264898 1.199477 1.436026 1.518962
6.000000 64.000000 -0.005720 0.000467 100.132111 0.984352 1.129150 1.161867 1.351858 1.320003 1.574285
6.000000 65.000000 -0.011380 -0.011935 100.344376 1.039370 1.060179 1.069446 1.303300 1.433132 1.582384
6.000000 66.000000 -0.006646 -0.007542 100.808846 0.963289 1.149281 1.271082 1.322851 1.392622 1.457026
6.000000 67.000000 0.004964 0.007488 99.833420 1.072273 1.067016 1.262996 1.189266 1.381609 1.582968
6.000000 68.000000 -0.005012 -0.007386 99.530472 0.974310 1.147047 1.150026 1.375254 1.481321 1.452118
6.000000 69.000000 -0.002842 -0.006755 100.249420 1.081719 1.121160 1.136175 1.293772 1.326482 1.604730
6.000000 70.000000 -0.001437 0.006086 99.620407 1.005701 1.127898 1.186583 1.232897 1.371306 1.504387
6.000000 71.000000 -0.000213 0.007420 99.791138 1.044832 1.234751 1.156058 1.261396 1.281832 1.559241
6.000000 72.000000 0.006377 -0.011638 99.427330 1.032015 1.173898 1.177171 1.211061 1.364959 1.588345
6.000000 73.000000 0.004860 0.000397 99.532906 1.046577 1.029978 1.130733 1.273294 1.489801 1.516818
6.000000 74.000000 0.006424 -0.027426 99.735550 0.923611 1.090056 1.102324 1.180501 1.389827 1.622839
6.000000 75.000000 -0.010915 -0.002324 100.038528 1.007410 1.177139 1.279621 1.210893 1.308589 1.557004
6.000000 76.000000 -0.001879 0.015334 99.299828 1.060622 1.073976 1.254135 1.239733 1.529808 1.581832
6.000000 77.000000 -0.007833 0.003329 99.931458 1.009557 1.126428 1.165377 1.346152 1.484550 1.666991
6.000000 78.000000 0.011871 0.010958 100.317917 1.071477 1.057865 1.258409 1.314156 1.339319 1.517311
6.000000 79.000000 -0.011891 -0.003071 100.073082 1.084429 1.118971 1.163934 1.391403 1.395388 1.596893
6.000000 80.000000 0.014966 -0.001756 99.759666 0.916708 1.068886 1.218146 1.363551 1.446656 1.556296
6.000000 81.000000 0.007039 0.004641 100.236664 0.949403 1.054925 1.109088 1.236686 1.341426 1.567184
6.000000 82.000000 0.011040 -0.022599 99.596664 0.957027 1.087141 1.127614 1.339761 1.424596 1.547893
6.000000 83.000000 0.006314 0.023768 100.449677 1.080991 1.030206 1.144582 1.272591 1.437179 1.417357
6.000000 84.000000 0.002217 0.010765 101.195526 0.922795 1.078573 1.100870 1.272402 1.364739 1.539614
6.000000 85.000000 0.024978 -0.011902 99.876915 1.085947 1.009181 1.252487 1.281432 1.302305 1.501700
6.000000 86.000000 0.005112 -0.006850 101.291542 1.002965 1.227943 1.222807 1.252631 1.527264 1.543845
6.000000 87.000000 0.008649 -0.010576 99.719666 0.899402 1.122685 1.213621 1.241584 1.437914 1.446304
6.000000 88.000000 0.001282 -0.002523 100.950935 1.076462 1.190042 1.073972 1.167653 1.389611 1.526870
6.000000 89.000000 0.007502 0.003161 99.761169 0.954356 1.153827 1.180659 1.240010 1.381880 1.420480
6.000000 90.000000 0.007497 -0.009509 100.884834 1.083675 1.034021 1.246505 1.245606 1.349318 1.562672
6.000000 91.000000 -0.001114 0.025100 99.425148 0.975057 1.102905 1.138721 1.343427 1.485502 1.489781
6.000000 92.000000 -0.006219 -0.006842 99.357018 1.018236 1.100633 1.183528 1.329747 1.280519 1.459859
6.000000 93.000000 -0.008464 -0.010608 100.086235 1.052032 1.139826 1.167347 1.304510 1.472452 1.400861
6.000000 94.000000 -0.014539 0.003954 99.546219 0.975510 1.158145 1.282156 1.247015 1.402921 1.465185
6.000000 95.000000 -0.000124 0.004992 100.354042 0.992413 1.207223 1.276703 1.268899 1.360253 1.620344
6.000000 96.000000 0.002857 -0.000248 100.243095 1.119835 1.151987 1.105792 1.268539 1.348938 1.471769
6.000000 97.000000 0.006064 -0.008881 99.579376 1.023797 1.222477 1.142003 1.243162 1.507795 1.497963
6.000000 98.000000 -0.009815 -0.002026 100.328117 0.975223 1.125556 1.218799 1.324741 1.325974 1.408487
6.000000 99.000000 0.014416 -0.021493 99.736229 1.064540 1.026949 1.143718 1.178847 1.453973 1.572366
6.000000 100.000000 0.004247 -0.012786 99.450485 1.044779 1.140955 1.155469 1.357133 1.307661 1.508816
6.000000 101.000000 -0.003046 0.000445 100.218750 0.988262 1.171772 1.219182 1.296569 1.308804 1.565568
6.000000 102.000000 -0.001044 -0.006739 99.734138 0.948135 1.098816 1.141076 1.243379 1.502165 1.488145
6.000000 103.000000 -0.017605 0.003398 99.626915 0.981313 1.172328 1.251975 1.310189 1.321427 1.510455
6.000000 104.000000 -0.002150 0.012568 99.645676 1.020245 1.096542 1.266876 1.229613 1.416783 1.471874
6.000000 105.000000 0.008479 0.015183 99.046776 0.988240 1.079777 1.307340 1.301541 1.378442 1.565380
6.000000 106.000000 0.011802 0.009617 100.042953 0.960959 1.043728 1.186370 1.344675 1.423851 1.489235
6.000000 107.000000 -0.006959 0.006623 100.472557 1.071642 1.058773 1.145728 1.181803 1.445087 1.510474
6.000000 108.000000 0.015235 -0.011697 99.410484 0.965575 1.255076 1.189610 1.285821 1.340209 1.542816
6.000000 109.000000 -0.006837 0.000208 99.657753 1.089995 1.047308 1.303027 1.376684 1.383644 1.525238
6.000000 110.000000 -0.004522 -0.006880 99.767342 1.091562 1.240051 1.166428 1.299795 1.372524 1.546062
6.000000 111.000000 0.002293 -0.009950 99.998199 1.050839 1.034015 1.221436 1.224043 1.401782 1.584073
6.000000 112.000000 0.004575 -0.011954 100.816780 0.981564 1.115327 1.194737 1.305810 1.372220 1.561929
6.000000 113.000000 0.015406 -0.011065 99.528854 0.957492 1.053359 1.176780 1.329488 1.421078 1.527757
6.000000 114.000000 0.003203 0.011408 99.704430 0.966702 1.203154 1.130125 1.318102 1.500949 1.502115
6.000000 115.000000 0.008681 -0.015908 101.345543 1.139033 1.170364 1.101327 1.166338 1.551963 1.488048
6.000000 116.000000 0.002496 -0.010297 99.408058 1.132707 1.099353 1.205617 1.227014 1.416450 1.608046
6.000000 117.000000 -0.001415 -0.006498 100.245834 1.055581 1.099413 1.208714 1.261922 1.484082 1.530737
6.000000 118.000000 -0.025881 0.005170 100.188187 1.012795 1.164338 1.241871 1.343606 1.355908 1.596209
6.000000 119.000000 0.024166 0.003668 99.516479 1.021447 1.129709 1.241237 1.305903 1.367629 1.622941
6.000000 120.000000 0.022786 -0.000080 99.528358 1.067706 1.184996 1.301224 1.281153 1.512137 1.511711
6.000000 121.000000 0.004159 -0.013979 99.991920 1.003893 1.164589 1.086192 1.201017 1.440394 1.561434
6.000000 122.000000 0.005041 -0.017304 100.410797 1.054980 1.118109 1.208825 1.307823 1.329244 1.516737
6.000000 123.000000 0.002417 -0.003500 100.720329 1.028053 1.150841 1.261379 1.278502 1.530308 1.555379
6.000000 124.000000 -0.006806 -0.001672 100.779465 1.106152 1.194565 1.170968 1.327995 1.445300 1.643862
6.000000 125.000000 -0.006322 0.007883 99.572807 1.100592 1.164208 1.160091 1.384060 1.415615 1.652847
6.000000 126.000000 -0.000998 0.000247 99.781815 1.050465 1.113623 1.107108 1.338772 1.399467 1.556882
6.000000 127.000000 0.001823 -0.007811 98.841530 1.011467 1.121271 1.209407 1.283230 1.409373 1.602486
6.000000 128.000000 -0.014776 0.004194 100.386078 1.002089 1.181683 1.331604 1.272953 1.501037 1.575549
6.000000 129.000000 -0.000789 0.009205 100.439888 1.023826 1.071569 1.067274 1.324290 1.500746 1.518516
6.000000 130.000000 0.002529 0.001252 99.852859 1.081644 1.180118 1.113881 1.407296 1.444990 1.600170
6.000000 131.000000 -0.002351 -0.006402 100.125061 1.045428 1.131551 1.229842 1.335143 1.483698 1.665838
6.000000 132.000000 0.001423 -0.009917 99.303123 0.963741 1.059469 1.207425 1.302159 1.455894 1.646902
6.000000 133.000000 -0.005954 0.001525 99.478577 1.005445 1.190705 1.167681 1.350121 1.447282 1.554469
6.000000 134.000000 0.017260 0.016293 100.633293 0.861596 1.128900 1.202396 1.283005 1.394734 1.509200
6.000000 135.000000 -0.001584 0.025191 100.349907 1.101129 1.188283 1.184481 1.255410 1.388217 1.575991
6.000000 136.000000 0.000906 -0.009732 99.448189 0.984494 1.107312 1.280150 1.313223 1.428559 1.592580
6.000000 137.000000 -0.009225 0.006379 98.717880 1.050447 1.158160 1.214057 1.309462 1.403160 1.555518
6.000000 138.000000 0.002100 -0.008509 99.493927 0.953322 1.252697 1.247801 1.396937 1.437395 1.591741
6.000000 139.000000 -0.004892 -0.007254 99.935646 1.138598 1.246342 1.152370 1.428395 1.487744 1.578747
6.000000 140.000000 -0.001733 0.003455 99.443001 1.025292 1.066025 1.186627 1.292000 1.624391 1.583967
6.000000 141.000000 0.027193 0.011114 100.023659 1.052937 1.115394 1.219998 1.204383 1.470970 1.492558
6.000000 142.000000 0.019549 0.017427 99.222542 1.091501 1.063009 1.290632 1.338358 1.464772 1.609402
6.000000 143.000000 -0.012256 -0.018334 99.794456 1.074176 1.101264 1.147141 1.341662 1.439271 1.536605
6.000000 144.000000 0.000535 -0.002757 100.037712 1.068414 1.117342 1.284791 1.267797 1.415073 1.535619
6.000000 145.000000 -0.009678 0.014240 99.366913 0.931387 1.083285 1.332958 1.244190 1.523375 1.590924
6.000000 146.000000 0.001165 0.004837 100.618469 1.045492 1.119173 1.279743 1.315201 1.352963 1.485728
6.000000 147.000000 0.024184 -0.020011 100.144577 1.029398 1.203230 1.377594 1.429861 1.368561 1.559890
6.000000 148.000000 0.011084 -0.000549 99.166420 0.995100 0.977819 1.203708 1.294848 1.450028 1.581562
6.000000 149.000000 -0.002175 0.008205 100.813782 1.059253 1.257432 1.206570 1.379892 1.466210 1.585343
6.000000 150.000000 -0.014929 -0.013330 99.207413 1.170751 1.245250 1.250657 1.360629 1.539432 1.512966
6.000000 151.000000 0.000016 -0.012105 99.614395 1.048316 1.255226 1.257841 1.291143 1.541605 1.539081
6.000000 152.000000 0.004328 -0.001966 99.094635 1.136968 1.186323 1.190513 1.311919 1.426488 1.679704
6.000000 153.000000 0.020965 -0.015766 99.610321 1.067863 1.188616 1.243530 1.342456 1.485681 1.656405
6.000000 154.000000 -0.020874 -0.003572 100.151611 1.013103 1.147653 1.209852 1.359140 1.453617 1.561731
6.000000 155.000000 -0.001779 0.003709 99.766312 0.974586 1.159804 1.162007 1.357686 1.415760 1.588827
6.000000 156.000000 -0.008931 -0.000045 100.334160 1.034374 1.121098 1.151251 1.319979 1.511899 1.582248
6.000000 157.000000 -0.005175 -0.002073 99.695137 1.123906 1.285121 1.281765 1.439006 1.526347 1.657089
6.000000 158.000000 -0.010625 -0.010030 100.585701 1.027715 1.120738 1.230343 1.303257 1.378089 1.512210
6.000000 159.000000 0.009228 0.001672 99.998642 1.064914 1.134035 1.195825 1.310278 1.433425 1.564343
6.000000 160.000000 0.008870 -0.004203 99.837784 1.158214 1.203892 1.318365 1.371168 1.475824 1.620052
6.000000 161.000000 0.000990 -0.008693 99.154457 1.036092 1.178514 1.242921 1.260389 1.420164 1.598428
6.000000 162.000000 -0.017573 0.008857 99.266479 0.992786 1.125638 1.267795 1.388373 1.462823 1.627497
6.000000 163.000000 0.000455 0.000748 100.138771 1.053006 1.182695 1.256340 1.410466 1.482065 1.561207
6.000000 164.000000 -0.004453 -0.003576 100.192719 1.054010 1.170399 1.301210 1.349016 1.353793 1.560743
6.000000 165.000000 -0.002077 0.000335 99.555984 0.970871 1.231630 1.220717 1.570392 1.448016 1.592192
6.000000 166.000000 0.001002 -0.005492 99.784622 0.998401 1.227059 1.213840 1.384766 1.542822 1.579306
6.000000 167.000000 0.015628 0.001627 100.062065 1.084837 1.130779 1.300359 1.388212 1.384578 1.554747
6.000000 168.000000 -0.006553 0.004204 99.450661 1.049341 1.162740 1.276063 1.366551 1.528557 1.572599
6.000000 169.000000 -0.011316 -0.010613 100.268036 1.005095 1.151065 1.182342 1.426216 1.460729 1.627274
6.000000 170.000000 -0.004992 0.010311 100.432655 1.108454 1.171902 1.182220 1.326622 1.526174 1.569597
6.000000 171.000000 -0.011664 0.008612 99.673950 0.979899 1.143125 1.272738 1.355559 1.388267 1.623676
6.000000 172.000000 -0.004189 0.008710 99.556778 1.070531 1.178916 1.243140 1.503778 1.460991 1.522727
6.000000 173.000000 -0.007860 0.000281 100.741463 1.038102 1.187556 1.224198 1.513600 1.571176 1.545857
6.000000 174.000000 -0.026045 -0.000347 100.002960 1.095551 1.199304 1.181820 1.215578 1.550038 1.737180
6.000000 175.000000 -0.012308 -0.020404 100.713638 1.090118 1.173786 1.201726 1.430619 1.495081 1.661089
6.000000 176.000000 -0.019668 -0.006745 99.885780 1.043692 1.040976 1.297578 1.258470 1.480319 1.627924
6.000000 177.000000 -0.007656 0.000233 99.958008 1.068761 1.238478 1.273613 1.343681 1.537778 1.454057
6.000000 178.000000 0.008631 -0.002591 99.472527 1.082923 1.139003 1.305423 1.302045 1.589727 1.509326
6.000000 179.000000 -0.004253 0.017580 100.310715 1.080816 1.233446 1.215693 1.361436 1.480874 1.644596
6.000000 180.000000 0.009038 0.002281 100.428970 1.009533 1.059106 1.224984 1.411625 1.520943 1.665520
7.000000 1.000000 -0.013138 0.019685 100.568977 1.070754 1.149858 1.298472 1.392665 1.356870 1.432265
7.000000 2.000000 0.001881 0.002262 99.961128 0.979763 1.071638 1.345351 1.318788 1.449161 1.489132
7.000000 3.000000 0.015925 0.004186 100.179947 1.044184 1.194926 1.118126 1.375356 1.513407 1.494601
7.000000 4.000000 -0.013210 -0.005781 99.699059 1.041730 1.079363 1.201637 1.277947 1.428426 1.425293
7.000000 5.000000 0.003811 0.000197 100.153038 1.094586 1.098873 1.140420 1.284477 1.419259 1.425219
7.000000 6.000000 -0.004085 0.005006 99.667656 1.028967 1.139983 1.103863 1.308518 1.399454 1.485875
7.000000 7.000000 -0.000656 0.007771 99.901497 1.056406 1.158972 1.290490 1.298852 1.431347 1.382545
7.000000 8.000000 0.009494 -0.019970 99.013649 1.005926 1.128706 1.240517 1.301263 1.469659 1.457816
7.000000 9.000000 -0.014025 0.006840 100.073402 0.998751 1.124514 1.308698 1.436309 1.392663 1.471748
7.000000 10.000000 -0.002710 -0.010113 98.875839 0.963464 1.153030 1.190842 1.367053 1.377787 1.442608
7.000000 11.000000 0.000184 0.003243 100.109474 1.079837 1.082332 1.315588 1.498691 1.330872 1.518631
7.000000 12.000000 -0.001535 0.017334 100.404617 0.961864 1.065727 1.243253 1.263683 1.385604 1.364496
7.000000 13.000000 -0.022503 -0.001239 99.621300 0.993247 1.073173 1.179004 1.226447 1.431853 1.546185
7.000000 14.000000 -0.003948 -0.008538 99.837044 0.953930 1.030121 1.208133 1.372795 1.356441 1.492117
7.000000 15.000000 -0.012184 0.006496 99.805153 1.128970 1.143752 1.232846 1.293106 1.460786 1.479616
7.000000 16.000000 -0.019880 -0.005174 100.902130 1.130069 1.187007 1.264409 1.248899 1.415556 1.365328
7.000000 17.000000 -0.010677 -0.004113 100.190849 1.105804 1.048623 1.077791 1.322159 1.503365 1.452793
7.000000 18.000000 -0.010002 -0.000805 99.719414 0.977672 1.065424 1.324509 1.282923 1.436613 1.426517
7.000000 19.000000 -0.000161 0.009188 101.483131 1.109365 1.166252 1.244230 1.352981 1.372744 1.522286
7.000000 20.000000 -0.000392 0.008952 99.906303 0.849009 1.012646 1.263208 1.320326 1.438751 1.434283
7.000000 21.000000 0.007537 -0.018654 100.464172 0.950624 1.158478 1.240668 1.249956 1.407845 1.481418
7.000000 22.000000 -0.009891 -0.011223 100.320160 1.017952 1.155028 1.209432 1.268098 1.495887 1.478999
7.000000 23.000000 -0.010488 0.021964 100.094002 1.099581 1.042128 1.131889 1.286907 1.310581 1.491371
7.000000 24.000000 0.005304 0.005105 99.804489 0.913303 1.083849 1.228254 1.258174 1.408690 1.425563
7.000000 25.000000 -0.007554 -0.002536 100.165344 0.928237 1.079449 1.117276 1.326017 1.503116 1.437198
7.000000 26.000000 0.000846 0.010539 100.381264 1.018809 1.158376 1.239400 1.416100 1.436005 1.597397
7.000000 27.000000 0.009758 0.000572 100.089706 1.148865 1.155316 1.299248 1.330840 1.449609 1.497675
7.000000 28.000000 0.014957 -0.017867 99.526711 0.972621 0.987732 1.212198 1.267289 1.378805 1.290304
7.000000 29.000000 0.014805 0.003995 99.744537 1.129603 0.974400 1.103946 1.371335 1.352861 1.440312
7.000000 30.000000 -0.008100 -0.003986 99.757431 0.972397 1.127632 1.269415 1.356098 1.460240 1.458619
7.000000 31.000000 -0.007982 -0.006937 99.685097 1.049177 1.096903 1.221187 1.279148 1.361026 1.377025
7.000000 32.000000 -0.014743 -0.001363 99.598137 0.972333 1.061970 1.218806 1.305335 1.410172 1.416444
7.000000 33.000000 0.002894 0.018126 100.558121 0.952377 1.201180 1.189729 1.320334 1.514134 1.441510
7.000000 34.000000 0.003307 -0.002247 99.240837 1.025445 1.090475 1.205910 1.263646 1.475465 1.558442
7.000000 35.000000 -0.011996 -0.009763 100.024574 0.900845 1.043189 1.249453 1.267659 1.424709 1.438605
7.000000 36.000000 -0.014150 -0.015031 100.371651 0.933639 1.255715 1.193227 1.205815 1.398990 1.417970
7.000000 37.000000 0.005883 0.004557 99.583191 1.003216 1.105716 1.278661 1.406164 1.369261 1.267442
7.000000 38.000000 -0.022735 -0.000314 100.008369 0.975003 1.167101 1.166082 1.251835 1.430835 1.592405
7.000000 39.000000 -0.008254 0.002270 100.577156 0.932008 1.133083 1.261523 1.356190 1.369832 1.341426
7.000000 40.000000 -0.022810 0.008389 99.908943 1.002035 1.049430 1.169745 1.297551 1.411976 1.375773
7.000000 41.000000 0.012196 0.010299 99.326035 0.997511 1.040353 1.244913 1.287160 1.416859 1.408370
7.000000 42.000000 -0.021804 0.003389 99.865952 0.986897 1.068758 1.215937 1.295900 1.385839 1.585956
7.000000 43.000000 0.012542 -0.001000 99.627396 1.030660 1.057469 1.168343 1.450384 1.372366 1.559827
7.000000 44.000000 0.016126 -0.004554 100.077423 1.131538 1.094063 1.155818 1.322493 1.411949 1.565298
7.000000 45.000000 0.007124 -0.001178 100.304298 1.006459 1.146044 1.202908 1.437969 1.440915 1.405287
7.000000 46.000000 0.007556 -0.003549 99.800560 0.988214 1.145366 1.183577 1.280063 1.401369 1.477760
7.000000 47.000000 -0.016374 -0.003185 100.814827 1.121952 1.083645 1.148123 1.321624 1.519932 1.447954
7.000000 48.000000 -0.012157 0.008119 99.588806 0.994264 1.116346 1.326135 1.371256 1.416209 1.407503
7.000000 49.000000 -0.016653 -0.008665 100.789337 0.928523 1.037045 1.103195 1.250467 1.424245 1.462108
7.000000 50.000000 0.003759 -0.009492 100.244637 1.045680 1.187701 1.345896 1.382639 1.473550 1.442481
7.000000 51.000000 0.016844 0.012343 100.789444 1.067015 1.155349 1.187157 1.307735 1.324232 1.400592
7.000000 52.000000 0.013141 0.010604 100.477676 1.016919 1.204851 1.235512 1.397419 1.301493 1.451834
7.000000 53.000000 -0.006296 0.002264 100.534027 1.090560 1.029490 1.187275 1.342540 1.482201 1.415746
7.000000 54.000000 -0.000783 0.004216 99.233261 1.063913 1.061908 1.254072 1.299818 1.477207 1.481921
7.000000 55.000000 0.000231 0.001524 99.546104 0.980461 1.106083 1.175640 1.276135 1.425455 1.501025
7.000000 56.000000 -0.002511 -0.015035 100.546402 0.993004 1.014995 1.222680 1.376356 1.466447 1.410257
7.000000 57.000000 -0.000142 0.002574 99.299576 1.075433 1.133712 1.257256 1.367789 1.415960 1.448512
7.000000 58.000000 0.006944 -0.013448 99.730911 1.090269 1.113493 1.171909 1.176885 1.400530 1.527975
7.000000 59.000000 -0.000726 0.011337 100.275650 1.077125 1.165887 1.182047 1.323835 1.479971 1.441401
7.000000 60.000000 -0.007688 0.012417 100.473801 1.082806 1.128720 1.233341 1.258758 1.359862 1.513603
7.000000 61.000000 0.003142 0.002795 100.481415 1.105178 1.135766 1.262929 1.331475 1.516259 1.340192
7.000000 62.000000 0.003026 -0.009738 99.444740 0.958484 1.093845 1.242676 1.319057 1.528685 1.469190
7.000000 63.000000 -0.008120 -0.003062 100.891754 0.995819 1.123287 1.200393 1.244911 1.405975 1.471519
7.000000 64.000000 0.000679 0.000403 99.685883 1.061107 1.118026 1.171598 1.367481 1.432159 1.531780
7.000000 65.000000 -0.010234 0.004780 99.568649 1.047718 1.105291 1.092315 1.224243 1.407351 1.527710
7.000000 66.000000 -0.019034 0.000454 100.838608 1.027453 1.166542 1.250584 1.368165 1.504579 1.490571
7.000000 67.000000 -0.013077 0.006849 99.619019 1.000924 1.084443 1.293200 1.309808 1.568997 1.403949
7.000000 68.000000 -0.004883 -0.006647 99.527367 1.048001 0.991818 1.276381 1.357519 1.516151 1.398726
7.000000 69.000000 0.004634 0.007499 100.325287 1.112570 1.103135 1.217921 1.341164 1.373337 1.453677
7.000000 70.000000 -0.006187 0.008591 100.256149 0.956851 1.136483 1.259137 1.309196 1.446123 1.542180
7.000000 71.000000 -0.013762 0.005121 99.430679 1.019997 1.119568 1.209400 1.271070 1.417908 1.584119
7.000000 72.000000 0.001725 -0.001908 100.718941 1.120970 1.058878 1.122765 1.235800 1.457312 1.362720
7.000000 73.000000 0.012437 0.002127 100.737503 1.035894 1.129108 1.279926 1.333954 1.453275 1.437511
7.000000 74.000000 0.018623 -0.005762 100.105453 0.958823 1.148751 1.109662 1.228694 1.387189 1.399108
7.000000 75.000000 0.008360 0.000203 99.629448 1.030093 1.084764 1.329996 1.340963 1.446039 1.498868
7.000000 76.000000 -0.017802 0.001215 100.367462 1.110566 1.177179 1.214981 1.391238 1.435995 1.475861
7.000000 77.000000 0.007720 -0.006840 100.323730 1.053608 1.155901 1.126333 1.366135 1.487534 1.565370
7.000000 78.000000 0.005287 -0.000125 100.505211 0.984882 1.058163 1.271557 1.250745 1.367303 1.465034
7.000000 79.000000 0.006491 -0.008823 99.044235 1.050300 1.061919 1.176025 1.331439 1.457971 1.412642
7.000000 80.000000 0.006618 0.008682 99.796562 0.949073 1.068892 1.142792 1.297671 1.322084 1.512720
7.000000 81.000000 -0.000378 0.005517 100.010422 1.037515 1.147922 1.160795 1.218445 1.464907 1.528895
7.000000 82.000000 -0.008631 0.014712 100.384964 0.995996 1.189884 1.202451 1.292317 1.480534 1.461491
7.000000 83.000000 -0.009680 -0.001709 100.074654 0.990002 1.239069 1.272217 1.387297 1.309436 1.451190
7.000000 84.000000 0.000494 0.002443 100.453369 1.021503 0.959299 1.161980 1.422441 1.452921 1.592170
7.000000 85.000000 0.004369 0.021397 100.199928 1.116088 1.090455 1.277028 1.253467 1.398596 1.529707
7.000000 86.000000 -0.001910 -0.003853 99.285683 0.964791 1.027390 1.130119 1.355305 1.481244 1.460913
7.000000 87.000000 -0.001586 -0.018861 99.682487 1.062336 1.087257 1.125806 1.249767 1.400708 1.591999
7.000000 88.000000 -0.005638 0.007753 99.487381 1.103591 1.088831 1.225641 1.266270 1.549586 1.426950
7.000000 89.000000 0.024425 0.000271 99.530228 1.013819 1.121479 1.165020 1.387500 1.439860 1.389966
7.000000 90.000000 0.013521 -0.003367 100.691261 1.028058 1.109506 1.226426 1.305912 1.462064 1.510128
7.000000 91.000000 0.011738 0.007883 100.765968 1.026003 1.068422 1.187092 1.285476 1.389060 1.519973
7.000000 92.000000 -0.003927 0.003768 100.326248 1.072543 1.029969 1.210910 1.452304 1.407050 1.492754
7.000000 93.000000 0.004916 0.027150 99.936447 1.008727 1.076284 1.250503 1.243402 1.444357 1.490432
7.000000 94.000000 0.000768 -0.005084 100.220695 1.043162 1.156455 1.227685 1.380713 1.439322 1.318455
7.000000 95.000000 -0.010797 -0.013201 100.404572 1.057742 1.160210 1.274491 1.249083 1.466205 1.399221
7.000000 96.000000 -0.000426 0.003305 99.994743 1.089120 1.025470 1.153204 1.359319 1.284237 1.445577
7.000000 97.000000 -0.013729 -0.002445 100.511848 0.976442 1.126768 1.198544 1.264695 1.397791 1.550331
7.000000 98.000000 -0.009099 -0.009261 100.836235 0.980995 1.103248 1.269793 1.385223 1.461263 1.435069
7.000000 99.000000 -0.002448 0.010850 99.582375 1.079347 1.201069 1.240922 1.225858 1.536436 1.473810
7.000000 100.000000 -0.001686 0.015335 99.910736 1.047284 1.157174 1.289646 1.282989 1.373966 1.484226
7.000000 101.000000 -0.022030 0.011455 100.245918 0.928569 1.157533 1.174864 1.399902 1.343387 1.532841
7.000000 102.000000 -0.000943 -0.007251 101.030396 1.000981 1.189946 1.172187 1.350141 1.443958 1.480040
7.000000 103.000000 -0.011266 0.002897 99.617050 1.089615 1.099835 1.262264 1.206794 1.520184 1.447003
7.000000 104.000000 0.002760 0.019505 100.282211 0.983892 1.100575 1.247436 1.355530 1.449503 1.546562
7.000000 105.000000 0.006238 0.008415 101.049629 1.033690 1.045018 1.235135 1.312300 1.464866 1.509414
7.000000 106.000000 -0.004592 0.002999 101.022011 1.038883 1.113855 1.199722 1.417698 1.413465 1.541997
7.000000 107.000000 -0.009787 -0.000344 99.355186 0.964517 1.074803 1.231028 1.215600 1.365543 1.507000
7.000000 108.000000 0.013489 0.006172 100.402351 0.994129 1.136621 1.299896 1.343794 1.452050 1.435217
7.000000 109.000000 0.006302 -0.016407 100.012444 1.166626 1.168356 1.220054 1.397530 1.364244 1.439924
7.000000 110.000000 -0.003216 0.008848 100.923714 1.041595 1.051008 1.312643 1.338256 1.316128 1.488085
7.000000 111.000000 -0.004487 0.015890 99.960381 1.025791 1.158861 1.200059 1.281772 1.447860 1.578668
7.000000 112.000000 0.021489 0.002411 99.396873 1.005437 1.164662 1.188630 1.303751 1.439168 1.509380
7.000000 113.000000 -0.011259 0.009964 99.312050 1.141253 1.089500 1.314208 1.457700 1.408966 1.519233
7.000000 114.000000 -0.006291 -0.005749 100.445709 0.941024 1.155784 1.214306 1.307944 1.474356 1.466116
7.000000 115.000000 -0.001339 0.010455 100.357559 1.042038 1.183503 1.266578 1.374500 1.414284 1.596797
7.000000 116.000000 0.013105 0.007747 99.082138 0.983820 1.124408 1.205602 1.358795 1.555811 1.398832
7.000000 117.000000 0.004003 -0.011293 101.445473 1.070979 1.092209 1.178178 1.199198 1.479404 1.413802
7.000000 118.000000 -0.019476 0.019809 100.037163 1.041135 1.226083 1.288619 1.134982 1.465958 1.434573
7.000000 119.000000 0.002458 0.002108 99.429489 0.993912 1.089271 1.268360 1.397174 1.374468 1.525024
7.000000 120.000000 0.003188 0.001228 100.527237 1.064772 1.157032 1.251195 1.357320 1.464205 1.486662
7.000000 121.000000 -0.018327 -0.015876 99.840042 0.997744 1.180942 1.312971 1.281263 1.468628 1.466254
7.000000 122.000000 -0.023994 -0.011616 100.183617 1.007270 1.015640 1.303696 1.301902 1.475231 1.374226
7.000000 123.000000 -0.006920 0.015166 99.517487 1.011948 1.151150 1.162732 1.261396 1.415402 1.524247
7.000000 124.000000 -0.001797 -0.009463 99.681854 1.107809 1.156229 1.097193 1.360301 1.457151 1.559084
7.000000 125.000000 -0.004527 -0.011596 100.199623 1.166190 1.233246 1.286304 1.411933 1.522482 1.441264
7.000000 126.000000 -0.003089 0.012927 100.519463 0.941093 1.052879 1.290036 1.205896 1.467535 1.589329
7.000000 127.000000 -0.001721 0.006771 99.148041 1.169382 1.127826 1.256372 1.364377 1.455858 1.590815
7.000000 128.000000 -0.015591 -0.001295 100.932228 0.980179 1.078455 1.328012 1.454567 1.462339 1.447084
7.000000 129.000000 0.005782 -0.004582 100.309563 1.007955 1.221306 1.221900 1.253694 1.437621 1.406719
7.000000 130.000000 0.007698 -0.006295 99.373749 1.095611 1.155278 1.345905 1.404795 1.462466 1.481858
7.000000 131.000000 -0.002826 0.010750 99.735275 0.997076 1.105925 1.290512 1.343172 1.499797 1.589627
7.000000 132.000000 -0.014343 0.008561 100.361305 0.991092 1.043138 1.244765 1.331288 1.385108 1.398730
7.000000 133.000000 0.003982 -0.000486 99.206284 1.020326 1.255546 1.237051 1.364828 1.399987 1.461501
7.000000 134.000000 0.013869 0.015067 99.723557 1.088243 1.106254 1.230767 1.445805 1.418117 1.519244
7.000000 135.000000 0.003995 0.007412 99.982979 1.022757 1.247934 1.159526 1.406223 1.545889 1.562114
7.000000 136.000000 0.017765 -0.005613 100.252258 1.029748 1.115759 1.255880 1.426471 1.564251 1.588822
7.000000 137.000000 0.004712 -0.014289 100.345337 1.165037 1.120367 1.200269 1.378594 1.412350 1.488206
7.000000 138.000000 -0.001864 -0.033419 99.941742 1.010156 1.049306 1.287928 1.322851 1.430134 1.503340
7.000000 139.000000 0.016604 -0.017322 99.709419 1.114848 1.147459 1.209272 1.372719 1.506690 1.488036
7.000000 140.000000 -0.003731 0.001181 99.796646 1.026963 1.172945 1.233266 1.312928 1.456234 1.520556
7.000000 141.000000 -0.006100 -0.012226 99.939575 1.081346 1.194880 1.236536 1.328884 1.366194 1.505392
7.000000 142.000000 0.009971 -0.009417 99.745247 1.039741 1.240509 1.301311 1.287077 1.587594 1.487824
7.000000 143.000000 0.015251 -0.005819 99.755035 1.051245 1.204541 1.171510 1.339077 1.444687 1.457352
7.000000 144.000000 -0.008734 -0.007074 100.751289 1.139220 1.208733 1.214925 1.376615 1.456274 1.470549
7.000000 145.000000 0.015096 0.017383 100.372940 0.954626 1.087821 1.172159 1.268636 1.352825 1.542040
7.000000 146.000000 0.017466 -0.005768 100.672508 1.089143 1.093636 1.273121 1.461810 1.511804 1.671177
7.000000 147.000000 -0.001007 -0.005071 99.723175 1.054937 1.279701 1.298933 1.299665 1.426929 1.601731
7.000000 148.000000 -0.001543 0.012710 100.142365 1.018328 1.125916 1.206571 1.355465 1.448587 1.505525
7.000000 149.000000 0.004700 -0.001887 99.835632 1.045745 1.130799 1.327610 1.344545 1.466961 1.612422
7.000000 150.000000 0.021953 -0.004190 99.643471 1.089437 1.279219 1.258732 1.237779 1.415010 1.523462
7.000000 151.000000 0.014948 0.006731 100.147888 1.024582 1.232892 1.194273 1.312300 1.535866 1.579599
7.000000 152.000000 0.005328 0.003897 99.183060 1.145038 1.230988 1.204297 1.343241 1.663214 1.514893
7.000000 153.000000 -0.010325 0.001669 99.064308 1.121806 1.191131 1.265656 1.382288 1.504589 1.551530
7.000000 154.000000 0.000678 -0.001247 100.158882 1.014740 1.207195 1.271653 1.393540 1.387252 1.613503
7.000000 155.000000 0.000675 -0.004681 99.845833 1.133027 1.078826 1.331632 1.446548 1.507875 1.495891
7.000000 156.000000 0.001119 -0.012096 99.626198 1.012601 1.173715 1.310686 1.429331 1.401608 1.409213
7.000000 157.000000 0.009578 0.000069 99.977737 1.047008 1.193238 1.264361 1.444410 1.405377 1.642847
7.000000 158.000000 0.010755 -0.005412 100.056633 1.105933 1.249822 1.163534 1.385435 1.527224 1.546791
7.000000 159.000000 0.000333 -0.000294 100.928391 1.152332 1.086158 1.272536 1.369023 1.450099 1.543741
7.000000 160.000000 0.005439 -0.003962 99.679390 1.094002 1.255709 1.292020 1.384607 1.403920 1.494021
7.000000 161.000000 -0.009260 0.003854 100.079445 1.081515 1.219277 1.279153 1.293675 1.616210 1.543142
7.000000 162.000000 -0.007426 -0.009303 100.304871 1.061886 1.148357 1.365491 1.390255 1.507499 1.615747
7.000000 163.000000 0.003169 0.018914 99.618530 0.980462 1.079791 1.264600 1.396550 1.486164 1.458664
7.000000 164.000000 -0.001762 -0.000283 99.384087 1.145344 1.173697 1.302991 1.411751 1.428126 1.517418
7.000000 165.000000 -0.001673 0.000017 100.161629 1.094683 1.149871 1.266359 1.437394 1.446395 1.566829
7.000000 166.000000 0.004512 -0.015416 100.094017 1.126048 1.179360 1.312494 1.375127 1.404680 1.561934
7.000000 167.000000 0.010204 0.000739 99.758850 1.063997 1.206386 1.280303 1.267594 1.665322 1.554792
7.000000 168.000000 0.012520 0.003907 100.054558 1.150954 1.132602 1.241809 1.450712 1.459191 1.508663
7.000000 169.000000 0.000102 0.008570 99.981255 1.130129 1.210412 1.329378 1.461153 1.492922 1.475296
7.000000 170.000000 0.003432 0.002580 100.200317 1.014827 1.179880 1.166124 1.308238 1.476089 1.694913
7.000000 171.000000 -0.015586 -0.015009 99.650635 0.998363 1.094084 1.299141 1.459273 1.520140 1.532163
7.000000 172.000000 0.004415 0.019867 99.907082 1.111824 1.246399 1.305833 1.440109 1.567383 1.557899
7.000000 173.000000 0.005124 -0.004021 100.658348 0.993131 1.210231 1.174158 1.400294 1.517531 1.618771
7.000000 174.000000 0.009791 -0.001827 101.318687 1.041718 1.171490 1.386621 1.351027 1.411893 1.533824
7.000000 175.000000 -0.015397 -0.013791 100.097198 1.019624 1.152896 1.482641 1.337231 1.595295 1.515160
7.000000 176.000000 -0.011580 0.001350 100.366631 1.144506 1.180348 1.239924 1.431608 1.560427 1.431453
7.000000 177.000000 0.000161 -0.007249 99.639679 0.986965 1.230424 1.214583 1.417621 1.499687 1.595209
7.000000 178.000000 -0.001457 -0.002449 100.877007 1.222318 1.184988 1.210753 1.366146 1.458781 1.572556
7.000000 179.000000 0.013883 -0.000272 100.366379 1.182578 1.207137 1.374614 1.535145 1.580155 1.624243
7.000000 180.000000 0.010001 -0.002430 100.096626 1.052833 1.229956 1.246356 1.454070 1.680290 1.538200
8.000000 1.000000 -0.009158 -0.025449 99.748611 0.951387 1.277550 1.109320 1.330199 1.398933 1.579088
8.000000 2.000000 0.001647 0.000541 99.495934 0.996026 1.117794 1.188850 1.360091 1.507489 1.486887
8.000000 3.000000 0.021241 0.013923 99.492668 0.877421 1.116797 1.402485 1.219935 1.447625 1.463165
8.000000 4.000000 0.004685 -0.009322 99.542397 0.912007 1.122650 1.308677 1.267950 1.411119 1.476703
8.000000 5.000000 -0.006591 -0.008232 101.031319 0.953406 1.182298 1.175812 1.359805 1.383472 1.415698
8.000000 6.000000 -0.001720 0.010057 100.362457 1.045642 1.058399 1.175162 1.222205 1.486032 1.525180
8.000000 7.000000 0.001273 -0.002963 100.418694 0.954362 1.167158 1.201984 1.237893 1.410987 1.448510
8.000000 8.000000 0.009223 0.016982 99.263916 0.983123 1.211794 1.183754 1.359068 1.361969 1.521842
8.000000 9.000000 -0.010212 0.010030 100.091560 0.982226 1.139999 1.127039 1.345443 1.409549 1.448575
8.000000 10.000000 -0.013018 0.021511 99.271736 1.007804 1.140939 1.290203 1.301064 1.333403 1.404721
8.000000 11.000000 -0.001219 -0.010362 99.714584 1.025339 1.172960 1.221709 1.242856 1.466874 1.462644
8.000000 12.000000 -0.002566 0.007330 100.565735 0.983005 1.133958 1.206652 1.229534 1.505425 1.316017
8.000000 13.000000 -0.007633 0.014617 100.624954 0.969635 1.209816 1.252173 1.264534 1.520633 1.446737
8.000000 14.000000 -0.001371 -0.012769 100.399162 1.035032 1.138552 1.224923 1.304380 1.509982 1.553381
8.000000 15.000000 -0.004110 0.002204 99.774872 0.957258 1.021002 1.164311 1.296640 1.491506 1.505558
8.000000 16.000000 -0.005087 -0.007250 100.206871 0.984451 1.162667 1.279263 1.339700 1.389407 1.461089
8.000000 17.000000 -0.001293 0.012543 100.127693 0.946456 0.934145 1.207807 1.359088 1.490556 1.503088
8.000000 18.000000 0.015346 0.024098 99.960670 0.935455 1.042227 1.199898 1.363500 1.392619 1.533852
8.000000 19.000000 -0.008941 0.007841 100.336105 0.921009 1.227291 1.215845 1.279843 1.489286 1.476964
8.000000 20.000000 0.000245 -0.008161 99.244537 1.036879 1.204026 1.085952 1.247189 1.431589 1.500998
8.000000 21.000000 -0.006522 -0.008946 100.066391 1.073195 1.117371 1.237160 1.354850 1.450970 1.638417
8.000000 22.000000 -0.003052 -0.001828 99.715981 0.946482 1.053383 1.144823 1.322089 1.481066 1.624704
8.000000 23.000000 0.009605 -0.003138 99.947624 1.038754 1.089462 1.250715 1.331768 1.276760 1.555207
8.000000 24.000000 -0.011578 0.008336 100.608139 1.013060 1.128954 1.222041 1.344947 1.480014 1.464315
8.000000 25.000000 0.002507 0.010753 100.368423 1.098328 1.010884 1.270025 1.179313 1.522041 1.529975
8.000000 26.000000 -0.009907 0.004678 100.603050 0.991953 1.294892 1.228421 1.270097 1.343194 1.470266
8.000000 27.000000 -0.004081 -0.002056 99.439217 1.063023 1.049312 1.325759 1.309792 1.429334 1.557318
8.000000 28.000000 0.001415 0.008299 99.531479 1.028925 1.064330 1.142598 1.222099 1.409283 1.547856
8.000000 29.000000 0.004392 0.007257 99.543144 1.170542 1.100889 1.199834 1.263831 1.468945 1.502624
8.000000 30.000000 -0.008153 0.013221 99.942368 0.950664 1.139340 1.258124 1.365189 1.359815 1.488292
8.000000 31.000000 -0.002398 -0.006898 99.657852 1.057955 1.092111 1.177773 1.292971 1.521677 1.632904
8.000000 32.000000 -0.013074 0.005182 100.405647 1.036680 1.187405 1.223130 1.306693 1.453384 1.569494
8.000000 33.000000 0.004249 -0.001763 100.450142 1.027855 1.050024 1.123411 1.237515 1.361554 1.420894
8.000000 34.000000 -0.007124 -0.003095 101.032822 1.082400 1.161835 1.256732 1.224511 1.511251 1.603678
8.000000 35.000000 -0.005178 -0.003205 99.744896 1.030535 1.031630 1.211194 1.260653 1.501730 1.594978
8.000000 36.000000 -0.011747 0.024683 100.202545 1.029230 1.140630 1.162023 1.291386 1.305322 1.497244
8.000000 37.000000 -0.001826 -0.005892 99.824631 0.876471 1.088467 1.217662 1.321930 1.445815 1.537139
8.000000 38.000000 -0.007527 0.010537 100.437904 0.944110 1.068506 1.215418 1.275912 1.387736 1.517777
8.000000 39.000000 -0.016406 -0.004343 100.686920 0.844470 1.272743 1.272178 1.237753 1.405531 1.546922
8.000000 40.000000 0.009124 0.016617 99.333611 1.024624 1.031044 1.196664 1.280954 1.427983 1.519479
8.000000 41.000000 0.008644 -0.015143 100.634094 1.036833 1.147272 1.231903 1.338487 1.319155 1.502317
8.000000 42.000000 -0.013972 0.003911 100.167000 1.026734 1.077062 1.233185 1.255819 1.303713 1.352229
8.000000 43.000000 0.019031 0.001738 100.003021 1.022242 1.215092 1.167629 1.414218 1.472095 1.529469
8.000000 44.000000 0.007876 -0.008042 100.036377 0.941153 1.042039 1.262376 1.354768 1.380425 1.486104
8.000000 45.000000 -0.004174 0.004912 99.284012 0.949532 0.983314 1.234615 1.312217 1.480011 1.565030
8.000000 46.000000 -0.019569 -0.008680 100.148781 0.868895 1.115944 1.190913 1.342460 1.426100 1.554620
8.000000 47.000000 -0.004078 -0.001699 99.742516 0.964236 1.141251 1.244960 1.406973 1.456093 1.475630
8.000000 48.000000 0.013228 -0.003502 99.838211 0.957512 1.170399 1.250266 1.355142 1.544872 1.432219
8.000000 49.000000 -0.019948 -0.003745 100.004150 1.044052 1.137058 1.196687 1.368039 1.402562 1.562328
8.000000 50.000000 -0.007182 0.003666 99.837463 0.990915 1.158091 1.188525 1.317247 1.502864 1.428853
8.000000 51.000000 0.007648 -0.002678 99.742058 1.124945 1.071080 1.232489 1.138557 1.374503 1.423250
8.000000 52.000000 0.011576 -0.011612 100.382492 0.999647 1.097328 1.182123 1.190394 1.369135 1.567232
8.000000 53.000000 0.016350 -0.001066 99.985558 0.949129 1.115352 1.250053 1.309724 1.470990 1.326754
8.000000 54.000000 0.008213 -0.000658 99.678093 1.029727 1.060414 1.217025 1.260119 1.405385 1.526548
8.000000 55.000000 0.008317 -0.004718 99.854691 0.969486 1.145286 1.181639 1.340101 1.413487 1.484649
8.000000 56.000000 -0.008281 -0.020579 99.373283 1.058856 1.150899 1.231985 1.295422 1.407858 1.376153
8.000000 57.000000 -0.008494 0.007128 100.544891 0.976235 1.084737 1.199069 1.241281 1.397480 1.408367
8.000000 58.000000 0.016510 -0.009826 100.492523 1.008633 0.951654 1.207297 1.248259 1.507137 1.586800
8.000000 59.000000 -0.004860 0.009422 100.363335 0.923891 1.037979 1.231641 1.330577 1.431881 1.441711
8.000000 60.000000 0.002385 0.012012 99.625267 1.008039 1.123710 1.201006 1.268471 1.338185 1.544398
8.000000 61.000000 -0.010375 0.002020 100.208328 1.015306 1.177921 1.248530 1.332022 1.407907 1.459650
8.000000 62.000000 0.010439 0.002858 99.116440 1.056864 1.033008 1.073641 1.285104 1.446472 1.493140
8.000000 63.000000 -0.008000 -0.005831 99.926788 0.944571 1.132733 1.258505 1.299573 1.378249 1.563777
8.000000 64.000000 -0.012678 -0.002599 100.464676 1.033192 1.072677 1.193499 1.250466 1.546650 1.611534
8.000000 65.000000 0.009025 0.003512 100.632751 0.955654 0.957045 1.235452 1.294924 1.553944 1.675205
8.000000 66.000000 -0.003941 -0.017020 100.650818 0.981522 1.074224 1.219664 1.327145 1.293276 1.543182
8.000000 67.000000 0.002415 0.017277 101.096085 1.008577 1.218871 1.264527 1.315032 1.487614 1.523340
8.000000 68.000000 0.015086 -0.008591 100.326172 0.946378 1.180049 1.234018 1.307735 1.441042 1.484533
8.000000 69.000000 0.005219 0.001610 100.401726 1.041507 1.242173 1.211465 1.423936 1.373055 1.586570
8.000000 70.000000 0.009915 0.011954 99.778267 1.130940 1.181173 1.150801 1.369475 1.431038 1.465554
8.000000 71.000000 0.012431 -0.006392 100.677643 0.968481 1.094434 1.260926 1.432818 1.473765 1.504843
8.000000 72.000000 -0.021115 -0.009833 100.524002 0.897624 1.036029 1.269905 1.380765 1.453505 1.536536
8.000000 73.000000 -0.009283 0.008185 99.442818 1.052896 1.149748 1.194940 1.322837 1.499205 1.549786
8.000000 74.000000 -0.015242 -0.000910 100.073051 1.006687 1.093204 1.338057 1.330972 1.403000 1.486344
8.000000 75.000000 0.007504 -0.004697 100.116844 0.976941 1.069949 1.118229 1.320701 1.319848 1.470242
8.000000 76.000000 0.002133 0.019383 100.514458 1.012745 1.121777 1.189233 1.208968 1.485638 1.443411
8.000000 77.000000 -0.000900 -0.004456 99.091026 1.070481 1.074355 1.139095 1.197884 1.486799 1.547090
8.000000 78.000000 0.002196 -0.005562 99.483139 0.946217 1.117760 1.261845 1.259187 1.451775 1.460509
8.000000 79.000000 0.000623 0.002742 100.308510 1.075264 1.145706 1.120657 1.307971 1.389821 1.474607
8.000000 80.000000 -0.003241 0.007328 99.197784 1.078309 1.106498 1.178970 1.266276 1.356143 1.488673
8.000000 81.000000 -0.002328 0.010143 99.733894 0.938630 1.254113 1.228544 1.315077 1.444518 1.455984
8.000000 82.000000 0.013068 -0.022717 99.811417 1.008861 1.068998 1.232303 1.275468 1.440096 1.501146
8.000000 83.000000 -0.003680 0.008933 100.315414 1.050842 1.173758 1.246833 1.260404 1.452602 1.483261
8.000000 84.000000 -0.008983 0.002666 100.020309 0.951379 1.147896 1.214905 1.196702 1.397151 1.507134
8.000000 85.000000 -0.012687 0.011483 99.161537 0.952441 1.058400 1.176718 1.383001 1.472523 1.428638
8.000000 86.000000 0.016548 0.008406 99.774521 0.902345 1.049089 1.228861 1.319249 1.540254 1.563137
8.000000 87.000000 -0.006599 -0.001517 99.719574 1.049787 0.975256 1.203748 1.300611 1.458178 1.505218
8.000000 88.000000 -0.016316 -0.005909 100.270447 1.013904 1.095884 1.107294 1.321306 1.414445 1.540597
8.000000 89.000000 0.007727 -0.004417 100.392067 1.051359 1.109072 1.283924 1.299771 1.440241 1.517150
8.000000 90.000000 0.015756 0.011887 100.058159 0.961701 1.026753 1.220643 1.256625 1.471357 1.391981
8.000000 91.000000 0.008094 -0.001599 100.430779 1.052340 1.103229 1.220575 1.314916 1.433160 1.534101
8.000000 92.000000 0.010826 0.003123 100.221291 0.984536 1.124959 1.201337 1.264585 1.471749 1.409610
8.000000 93.000000 0.004613 0.001676 99.478966 0.969315 1.144926 1.278105 1.217841 1.456408 1.505502
8.000000 94.000000 0.008437 0.005543 99.881073 1.053365 1.097614 1.158352 1.256898 1.328899 1.509490
8.000000 95.000000 -0.003019 0.002311 99.077171 0.993733 1.098333 1.233087 1.301916 1.302930 1.531998
8.000000 96.000000 0.002155 0.011081 100.170891 0.902938 1.165489 1.235449 1.367040 1.517468 1.447973
8.000000 97.000000 0.004923 0.011253 100.902718 0.949746 1.072106 1.233961 1.295458 1.428962 1.465846
8.000000 98.000000 -0.010264 -0.006512 99.928261 0.987913 1.103846 1.161790 1.361816 1.414200 1.545322
8.000000 99.000000 0.006751 -0.001956 99.551773 0.947034 1.086287 1.168646 1.296962 1.483625 1.507791
8.000000 100.000000 -0.011717 -0.007778 99.598892 1.017996 1.166938 1.220196 1.311210 1.404574 1.516555
8.000000 101.000000 0.004913 0.012047 99.900009 1.109853 1.076384 1.234687 1.269709 1.428864 1.425803
8.000000 102.000000 -0.020738 0.009111 100.076302 1.002433 1.034896 1.271708 1.207413 1.478189 1.647411
8.000000 103.000000 0.010718 0.013169 99.992760 1.017372 1.022525 1.258121 1.271209 1.499238 1.572671
8.000000 104.000000 0.012502 -0.004378 99.482758 0.920186 1.090738 1.119787 1.268258 1.442531 1.530015
8.000000 105.000000 -0.010116 0.003748 100.081985 1.103385 1.149547 1.219501 1.389611 1.381674 1.470929
8.000000 106.000000 -0.000251 0.011841 99.334488 0.932125 1.113598 1.171514 1.234837 1.464020 1.522503
8.000000 107.000000 -0.005994 -0.003985 99.240784 0.988187 1.083148 1.058439 1.331398 1.450551 1.495719
8.000000 108.000000 -0.009567 0.012066 100.406853 0.926613 1.152458 1.245631 1.303476 1.462781 1.544066
8.000000 109.000000 -0.022395 0.018547 99.736938 1.157854 1.212522 1.242971 1.345242 1.387167 1.479468
8.000000 110.000000 -0.013617 -0.020141 99.599487 0.998643 1.073471 1.078530 1.275143 1.428080 1.442606
8.000000 111.000000 -0.013193 0.002580 100.184052 0.884991 1.064648 1.240434 1.263998 1.557764 1.536460
8.000000 112.000000 0.000543 -0.015605 100.238037 1.073609 1.155392 1.260295 1.284451 1.493143 1.550148
8.000000 113.000000 -0.005989 -0.024260 100.021751 0.955983 1.033780 1.216833 1.272004 1.525679 1.494225
8.000000 114.000000 -0.013629 -0.022920 100.960335 1.070407 1.164393 1.162964 1.261822 1.371975 1.577131
8.000000 115.000000 0.003794 -0.010816 100.276459 1.075324 1.085334 1.215550 1.303391 1.516236 1.535293
8.000000 116.000000 -0.012532 0.000355 99.106750 0.930903 1.217459 1.379797 1.354423 1.423201 1.553404
8.000000 117.000000 0.016091 0.001304 100.545151 1.064319 1.120424 1.092734 1.343079 1.394488 1.631020
8.000000 118.000000 0.002751 -0.002654 100.977592 0.958730 1.284898 1.190625 1.278455 1.318849 1.531372
8.000000 119.000000 -0.005355 0.007785 100.320793 1.106034 1.183182 1.286814 1.349752 1.424292 1.481552
8.000000 120.000000 0.003528 -0.005588 100.433029 1.072824 1.113198 1.209098 1.286203 1.401513 1.626501
8.000000 121.000000 0.002396 -0.001701 99.980309 0.972740 1.228070 1.256161 1.348490 1.452985 1.557809
8.000000 122.000000 0.014281 0.003147 99.635551 0.994664 1.132418 1.170356 1.287212 1.571811 1.512103
8.000000 123.000000 0.015856 0.005891 99.628143 1.086603 1.126665 1.339709 1.228842 1.333051 1.557556
8.000000 124.000000 0.006606 0.007921 99.734833 0.988490 1.121781 1.144272 1.171876 1.568459 1.545485
8.000000 125.000000 0.012929 -0.001643 99.737404 1.055702 1.180438 1.095134 1.373737 1.546799 1.592992
8.000000 126.000000 -0.016829 0.003378 100.223305 1.023175 1.112130 1.291613 1.288099 1.423987 1.493909
8.000000 127.000000 0.003692 -0.000297 100.681343 0.937055 0.997443 1.294845 1.347186 1.423713 1.512330
8.000000 128.000000 -0.009306 0.003061 100.350502 0.989863 1.118948 1.229044 1.324210 1.394699 1.437017
8.000000 129.000000 -0.002377 -0.020353 99.046646 1.002384 1.067117 1.393626 1.266507 1.508340 1.590093
8.000000 130.000000 -0.005845 0.006941 99.476479 1.006157 1.145562 1.222756 1.298658 1.518939 1.630743
8.000000 131.000000 -0.001415 0.002773 99.757889 1.137899 1.087509 1.416854 1.356801 1.506413 1.548839
8.000000 132.000000 -0.011285 -0.003198 100.471695 1.008502 1.172856 1.291253 1.343743 1.431196 1.503957
8.000000 133.000000 -0.013693 0.011341 100.192474 1.157622 1.111681 1.264546 1.352370 1.485114 1.601151
8.000000 134.000000 0.004348 -0.004574 100.687004 1.049641 1.153610 1.227694 1.454968 1.555265 1.473632
8.000000 135.000000 -0.004897 0.000305 99.977547 1.089244 1.162328 1.284335 1.293582 1.428291 1.565799
8.000000 136.000000 -0.011290 0.003169 100.392242 1.006070 1.225796 1.352287 1.329579 1.434331 1.620993
8.000000 137.000000 -0.001845 0.005519 99.773865 0.935429 1.111878 1.205756 1.305011 1.578964 1.503775
8.000000 138.000000 -0.007563 0.009464 99.938103 0.975783 1.089774 1.190311 1.313812 1.494694 1.503113
8.000000 139.000000 0.001223 -0.001103 100.124741 1.078093 1.081161 1.215648 1.380857 1.553599 1.450353
8.000000 140.000000 -0.009546 0.003043 100.284676 1.048377 1.085073 1.391541 1.336476 1.426731 1.514961
8.000000 141.000000 0.013316 0.007571 100.104790 1.031039 1.177536 1.245909 1.404178 1.557543 1.569451
8.000000 142.000000 -0.010890 -0.007678 99.797401 1.032729 1.119525 1.209606 1.377995 1.468932 1.673844
8.000000 143.000000 0.010140 -0.004297 100.059914 0.956617 1.221372 1.189989 1.376709 1.381971 1.513883
8.000000 144.000000 -0.000596 0.013844 99.416344 1.079689 1.195730 1.352868 1.438358 1.415608 1.543231
8.000000 145.000000 0.002465 -0.003629 99.942078 1.032183 1.149811 1.273680 1.393931 1.384784 1.544406
8.000000 146.000000 -0.009387 -0.010033 100.053574 0.950518 0.986347 1.292637 1.297147 1.433998 1.583745
8.000000 147.000000 -0.001115 0.007404 99.663147 0.957683 1.126193 1.287705 1.422692 1.459437 1.509220
8.000000 148.000000 0.004845 0.015344 99.391083 0.992496 1.129627 1.347236 1.513751 1.463352 1.554468
8.000000 149.000000 0.002532 0.019884 99.304794 1.092406 1.156847 1.254669 1.418010 1.441523 1.426023
8.000000 150.000000 -0.003485 -0.010199 100.181549 0.999433 1.173321 1.228819 1.348122 1.502802 1.489758
8.000000 151.000000 0.007819 0.005096 100.223526 1.107823 1.055366 1.246438 1.338024 1.491261 1.476719
8.000000 152.000000 -0.004741 -0.007602 100.420525 1.000485 1.115956 1.398815 1.333335 1.473858 1.622179
8.000000 153.000000 0.010828 0.016594 101.233452 1.077736 1.116177 1.364844 1.334275 1.427208 1.706353
8.000000 154.000000 0.006339 -0.007908 100.331726 1.020688 1.109817 1.226000 1.279016 1.493666 1.613071
8.000000 155.000000 -0.002595 0.001749 100.382446 1.069712 1.216104 1.221802 1.358877 1.565860 1.490891
8.000000 156.000000 0.006553 0.000439 99.957726 1.108497 1.096709 1.289059 1.322951 1.477686 1.491368
8.000000 157.000000 -0.012109 0.003360 100.112617 0.976221 1.084133 1.315837 1.342505 1.502668 1.464233
8.000000 158.000000 -0.000489 0.017029 100.412941 1.055620 1.154291 1.319704 1.317321 1.446341 1.598361
8.000000 159.000000 -0.000020 0.002846 101.181480 1.057295 1.022761 1.238871 1.429186 1.539369 1.588136
8.000000 160.000000 0.011185 -0.000757 100.401787 1.145276 1.145652 1.216469 1.303300 1.460907 1.649921
8.000000 161.000000 -0.012526 0.018922 99.618973 1.043578 1.120775 1.344153 1.378438 1.544615 1.562261
8.000000 162.000000 0.006363 -0.000117 99.887428 1.122949 1.185602 1.257680 1.340807 1.505441 1.650112
8.000000 163.000000 0.002294 0.000747 100.327225 1.026308 1.100498 1.203913 1.314284 1.488786 1.521732
8.000000 164.000000 0.007528 0.002774 100.211998 1.027966 1.113916 1.240948 1.360671 1.476280 1.535261
8.000000 165.000000 -0.006992 0.002757 100.037781 1.080167 1.193943 1.314111 1.390631 1.559653 1.644261
8.000000 166.000000 0.002257 -0.001409 100.151459 1.024412 1.187975 1.303849 1.337301 1.557410 1.530306
8.000000 167.000000 0.002875 0.009512 99.462029 1.038010 1.238930 1.237373 1.418919 1.417043 1.668603
8.000000 168.000000 0.024747 -0.007145 100.078499 1.085192 1.256730 1.276856 1.387539 1.474123 1.575065
8.000000 169.000000 0.014100 -0.004793 99.926178 1.072738 1.097748 1.309728 1.431788 1.563801 1.528707
8.000000 170.000000 0.016580 0.005902 100.683632 1.155670 1.136750 1.337375 1.393432 1.459476 1.618293
8.000000 171.000000 0.001491 0.008251 99.433769 0.981578 1.188519 1.205305 1.442250 1.427783 1.599535
8.000000 172.000000 -0.019822 0.011161 99.255219 1.005920 1.246915 1.271432 1.339574 1.594023 1.636932
8.000000 173.000000 -0.006276 -0.008517 100.198723 1.061648 1.198388 1.352206 1.456418 1.555699 1.607008
8.000000 174.000000 -0.014221 0.015504 99.247673 1.045741 1.201475 1.307587 1.358427 1.497649 1.678260
8.000000 175.000000 -0.003779 0.007373 99.800331 1.054930 1.281517 1.184549 1.415447 1.558137 1.701322
8.000000 176.000000 0.008088 0.008020 98.995529 1.061790 1.236133 1.206751 1.330956 1.483276 1.614985
8.000000 177.000000 0.005053 0.014757 99.956673 1.094687 1.166826 1.207455 1.360823 1.405963 1.491183
8.000000 178.000000 0.001217 -0.004764 100.814644 1.097422 1.233528 1.347434 1.383395 1.556701 1.615783
8.000000 179.000000 -0.018916 0.010242 99.992867 1.152511 1.242158 1.335836 1.413916 1.507385 1.610370
8.000000 180.000000 -0.002715 -0.014462 99.835594 1.171617 1.146302 1.318945 1.401582 1.600469 1.547096
9.000000 1.000000 0.002048 -0.000235 100.300667 0.972962 1.098117 1.173607 1.216292 1.343426 1.601385
9.000000 2.000000 0.021240 0.002084 100.403160 0.917077 1.177521 1.244662 1.192726 1.328283 1.443723
9.000000 3.000000 0.006926 0.002606 100.039604 1.102371 1.116660 1.322549 1.274411 1.381153 1.572310
9.000000 4.000000 0.018771 -0.000152 99.971046 0.969103 1.130299 1.257300 1.285626 1.370306 1.489906
9.000000 5.000000 -0.018009 0.004819 99.732758 0.972846 1.143622 1.170266 1.228881 1.434827 1.474797
9.000000 6.000000 -0.011852 0.006998 100.428177 0.935383 1.128308 1.164201 1.182030 1.450633 1.531697
9.000000 7.000000 -0.023156 0.000578 99.150360 1.006219 1.108108 1.249030 1.219990 1.362701 1.534829
9.000000 8.000000 0.004048 -0.002592 100.245239 0.914306 1.163913 1.313879 1.291828 1.460462 1.554601
9.000000 9.000000 -0.008128 -0.008919 99.456528 1.074282 1.092427 1.186181 1.368731 1.408807 1.469599
9.000000 10.000000 -0.004599 -0.001745 100.112633 1.009067 1.122956 1.198814 1.262492 1.335177 1.531783
9.000000 11.000000 0.001963 0.004858 99.769135 1.017566 1.032742 1.272603 1.175845 1.424582 1.580100
9.000000 12.000000 0.005859 0.004749 100.182076 0.968818 1.125178 1.188836 1.287346 1.403552 1.374518
9.000000 13.000000 0.002916 0.002073 99.826805 0.967313 1.124728 1.409244 1.206243 1.380090 1.550636
9.000000 14.000000 0.001082 0.001706 99.534317 0.922301 1.157072 1.343819 1.326007 1.467045 1.496910
9.000000 15.000000 -0.009219 -0.002640 99.326180 0.979771 1.054139 1.280251 1.259369 1.389147 1.596413
9.000000 16.000000 -0.009454 0.004070 99.317764 0.955220 1.124004 1.386845 1.281408 1.410127 1.483887
9.000000 17.000000 0.000107 -0.009770 99.677322 1.062017 1.155604 1.251716 1.324836 1.396761 1.529875
9.000000 18.000000 -0.010674 -0.000439 99.687309 0.972829 1.036186 1.245796 1.273376 1.431771 1.565407
9.000000 19.000000 0.007176 -0.001808 99.989098 1.065877 1.131141 1.220987 1.121376 1.496253 1.537261
9.000000 20.000000 -0.002305 -0.024022 100.585999 0.943064 1.098596 1.250197 1.256242 1.347596 1.639152
9.000000 21.000000 -0.009341 -0.005470 100.168442 1.018645 1.021541 1.260733 1.302863 1.519455 1.542705
9.000000 22.000000 0.005084 -0.007461 99.018265 1.097311 1.140962 1.295849 1.233026 1.294270 1.481607
9.000000 23.000000 0.015251 -0.001636 100.278976 1.085453 1.087602 1.202688 1.256808 1.489712 1.454149
9.000000 24.000000 0.009049 -0.010560 99.604767 1.055850 1.171884 1.375729 1.112952 1.388030 1.500353
9.000000 25.000000 0.007525 -0.005328 100.466393 1.005628 1.151651 1.263512 1.194957 1.331214 1.583618
9.000000 26.000000 -0.009296 -0.001892 99.427948 0.903774 1.138976 1.196326 1.254730 1.371065 1.469429
9.000000 27.000000 -0.013431 0.002053 100.272110 1.094130 1.124951 1.260482 1.247037 1.430477 1.516539
9.000000 28.000000 -0.008280 0.000306 99.630608 0.993939 1.065107 1.267659 1.325420 1.438162 1.368820
9.000000 29.000000 -0.008820 0.004638 99.633255 0.988610 1.107239 1.244117 1.274887 1.362694 1.651361
9.000000 30.000000 0.007223 0.004767 100.458313 1.013468 1.121800 1.405973 1.372592 1.456334 1.449047
9.000000 31.000000 0.025368 0.000335 100.940392 1.020735 1.039403 1.247588 1.310776 1.316560 1.576995
9.000000 32.000000 -0.010464 0.002658 100.021179 0.989622 1.054413 1.328214 1.234196 1.380306 1.534634
9.000000 33.000000 0.000118 -0.005145 100.528008 1.044939 1.090073 1.124788 1.335882 1.387036 1.555413
9.000000 34.000000 -0.021241 0.005597 99.717720 0.974914 1.170550 1.176561 1.218657 1.308609 1.492659
9.000000 35.000000 0.003792 -0.007992 99.467667 0.975867 1.028050 1.262277 1.217283 1.439394 1.442148
9.000000 36.000000 0.011640 -0.004124 100.020058 0.913580 1.185991 1.214353 1.200085 1.410651 1.444885
9.000000 37.000000 0.009125 -0.011335 99.924011 1.065456 1.112701 1.338364 1.287799 1.483655 1.518472
9.000000 38.000000 0.010529 -0.003557 101.800560 0.890499 1.043355 1.239936 1.179365 1.389099 1.442720
9.000000 39.000000 -0.002898 -0.001504 100.386818 1.046747 0.981348 1.211808 1.271748 1.385896 1.547671
9.000000 40.000000 0.009229 -0.003898 99.959373 1.002664 1.133981 1.180554 1.241200 1.447274 1.568760
9.000000 41.000000 0.009940 -0.014833 99.702988 0.927859 1.090585 1.282854 1.275807 1.399771 1.439109
9.000000 42.000000 0.001475 -0.001819 100.329819 1.081699 1.066028 1.268351 1.269904 1.525821 1.573060
9.000000 43.000000 0.012979 -0.001057 99.967232 0.907393 1.134211 1.218034 1.293846 1.363404 1.519458
9.000000 44.000000 -0.005768 -0.009284 100.609047 1.117241 1.078150 1.294025 1.280254 1.294253 1.450012
9.000000 45.000000 -0.001323 0.005557 99.354980 0.962336 1.135367 1.298847 1.220566 1.494033 1.563846
9.000000 46.000000 0.012267 0.014322 100.129646 0.963692 1.059184 1.226775 1.169753 1.386533 1.457875
9.000000 47.000000 0.000989 -0.002891 99.113899 1.055816 0.961965 1.256454 1.371061 1.297434 1.536605
9.000000 48.000000 -0.004838 0.014246 100.670212 1.082987 1.180036 1.241130 1.457799 1.358262 1.507497
9.000000 49.000000 0.004395 0.010349 100.266701 1.049572 1.090157 1.183017 1.304016 1.505224 1.467951
9.000000 50.000000 0.002869 -0.001253 100.438667 1.078776 1.091690 1.293864 1.327855 1.387383 1.450640
9.000000 51.000000 0.006056 0.016108 100.312592 0.998811 1.020313 1.170263 1.261781 1.432490 1.564121
9.000000 52.000000 -0.018658 -0.020204 99.491295 0.943495 1.211888 1.249233 1.362674 1.386561 1.688349
9.000000 53.000000 0.004651 0.018329 98.959007 1.060646 1.173514 1.192235 1.251359 1.358456 1.446446
9.000000 54.000000 -0.005561 0.010904 99.547661 1.090404 0.995686 1.170416 1.291698 1.373323 1.515575
9.000000 55.000000 0.009153 -0.001150 100.160484 1.002720 1.136319 1.206062 1.339394 1.410365 1.497737
9.000000 56.000000 0.000124 -0.003562 99.497276 1.086789 1.213310 1.345601 1.304495 1.446310 1.439947
9.000000 57.000000 -0.000054 -0.003371 100.211739 0.970457 1.096131 1.220236 1.311400 1.381005 1.638116
9.000000 58.000000 -0.007240 0.005006 99.997360 0.996266 1.201729 1.207900 1.268260 1.493231 1.504613
9.000000 59.000000 0.006200 0.002933 99.806389 0.930638 1.110209 1.265343 1.400112 1.444858 1.508580
9.000000 60.000000 0.002422 -0.005191 99.387909 0.974883 1.176616 1.256524 1.262227 1.381504 1.522636
9.000000 61.000000 -0.000190 0.009300 99.991501 0.938878 1.042355 1.149063 1.332625 1.514527 1.574047
9.000000 62.000000 -0.015055 -0.003323 101.124405 0.978148 1.225292 1.283366 1.304411 1.502184 1.444677
9.000000 63.000000 -0.006680 0.002804 99.949417 0.979650 1.124501 1.229546 1.355015 1.299671 1.447001
9.000000 64.000000 -0.008689 0.005159 99.722298 0.986951 1.085867 1.169763 1.368452 1.294377 1.476531
9.000000 65.000000 0.001720 -0.010296 100.855759 1.023942 1.113953 1.316132 1.248425 1.358298 1.620424
9.000000 66.000000 -0.002397 0.002123 100.142021 1.025852 1.008644 1.208708 1.210932 1.442223 1.516707
9.000000 67.000000 -0.001966 -0.018730 100.296921 0.933945 1.139288 1.232119 1.229037 1.315936 1.395002
9.000000 68.000000 0.010231 -0.008139 99.937462 0.964486 1.102501 1.261785 1.165040 1.361826 1.551313
9.000000 69.000000 -0.004161 -0.011984 99.923615 1.009587 1.054092 1.160967 1.284310 1.414829 1.487785
9.000000 70.000000 0.005918 -0.022637 100.134651 0.996547 1.129655 1.266300 1.224500 1.469849 1.504826
9.000000 71.000000 0.015078 0.014378 99.409492 0.939807 1.122849 1.214764 1.283396 1.446764 1.530407
9.000000 72.000000 0.016878 -0.006867 100.527115 0.982650 1.135345 1.292197 1.264380 1.358247 1.557785
9.000000 73.000000 -0.000990 -0.016727 99.886162 0.967741 1.121833 1.205294 1.240645 1.419969 1.557161
9.000000 74.000000 0.011216 0.001582 99.302345 0.928276 1.125651 1.237836 1.288560 1.414816 1.600183
9.000000 75.000000 0.001069 0.022898 100.579399 1.086055 1.175372 1.153845 1.316954 1.505415 1.593869
9.000000 76.000000 -0.002491 0.016458 100.443977 0.894313 1.002077 1.246419 1.277621 1.383089 1.549387
9.000000 77.000000 -0.008359 -0.000867 100.544617 0.931198 1.056595 1.210333 1.258482 1.445920 1.542530
9.000000 78.000000 0.004742 0.010003 100.030716 1.059372 1.089717 1.077363 1.233399 1.361551 1.546033
9.000000 79.000000 0.001188 0.002731 100.051697 0.938049 1.070522 1.345198 1.336938 1.379307 1.521069
9.000000 80.000000 0.008137 -0.008431 100.357948 1.074024 1.028355 1.258568 1.293626 1.310557 1.462860
9.000000 81.000000 0.004729 0.019645 99.820717 1.018463 1.153340 1.202671 1.182392 1.436794 1.420042
9.000000 82.000000 0.003650 0.000423 99.923500 1.076612 1.220424 1.172318 1.260909 1.364307 1.522872
9.000000 83.000000 -0.002492 0.008627 99.930252 0.921303 0.954362 1.162723 1.276955 1.452274 1.559849
9.000000 84.000000 0.000347 0.000266 100.377846 0.887152 1.204555 1.214163 1.252859 1.368543 1.524749
9.000000 85.000000 0.002546 -0.011729 100.311684 0.975208 1.210407 1.221555 1.321966 1.465895 1.461891
9.000000 86.000000 -0.004205 0.003896 100.847366 0.981625 1.075422 1.275873 1.254628 1.414504 1.554114
9.000000 87.000000 -0.013721 -0.010167 100.536461 1.016326 1.179120 1.281595 1.153426 1.340104 1.585416
9.000000 88.000000 -0.000635 0.015638 100.357338 0.991162 1.091026 1.317641 1.374769 1.373973 1.489480
9.000000 89.000000 -0.005556 0.008201 100.628143 1.032186 1.180019 1.144135 1.250462 1.375214 1.515622
9.000000 90.000000 -0.013811 0.017617 99.415558 0.869708 1.070822 1.258111 1.241635 1.438615 1.420502
9.000000 91.000000 -0.012532 -0.006674 100.011902 1.116335 1.105948 1.185356 1.293802 1.420754 1.454349
9.000000 92.000000 -0.010727 0.001992 100.773438 1.068240 1.182294 1.136723 1.363679 1.417565 1.660044
9.000000 93.000000 -0.004070 -0.014423 99.587479 0.991488 1.099726 1.309306 1.226616 1.404489 1.540505
9.000000 94.000000 -0.000478 0.002664 99.758827 0.897560 0.957955 1.257027 1.246762 1.318909 1.455979
9.000000 95.000000 0.008257 0.003611 99.786041 1.039191 1.209794 1.237616 1.231691 1.341899 1.648695
9.000000 96.000000 0.009763 0.000458 100.001610 0.947316 1.123238 1.245619 1.336240 1.378391 1.612864
9.000000 97.000000 0.009873 -0.001280 99.609596 0.888659 1.090368 1.204030 1.229075 1.397709 1.495070
9.000000 98.000000 -0.025261 -0.004005 99.373917 1.057975 1.192298 1.218829 1.204952 1.412339 1.513749
9.000000 99.000000 -0.003233 0.017200 100.166359 0.952297 1.106726 1.297144 1.295172 1.346852 1.546474
9.000000 100.000000 -0.015556 -0.000488 99.721992 0.900183 1.093091 1.234899 1.221894 1.482503 1.515088
9.000000 101.000000 0.005369 -0.000614 100.376503 0.943179 1.137355 1.288098 1.354650 1.488705 1.590679
9.000000 102.000000 0.004836 -0.008727 100.090088 0.953000 1.092386 1.251907 1.294055 1.306473 1.511157
9.000000 103.000000 0.000596 0.015157 100.099266 1.023842 1.105436 1.277142 1.329940 1.463396 1.496751
9.000000 104.000000 -0.012654 -0.019668 100.308746 0.976572 1.002706 1.217360 1.313036 1.324085 1.456501
9.000000 105.000000 -0.004266 0.001868 99.645424 1.029761 1.123398 1.349645 1.251856 1.461858 1.557192
9.000000 106.000000 0.014554 -0.000128 100.027809 1.037691 1.141635 1.326023 1.379476 1.439490 1.499308
9.000000 107.000000 -0.014286 0.009254 98.897324 0.992821 0.959634 1.236721 1.433095 1.336364 1.466156
9.000000 108.000000 -0.000062 -0.001976 99.697906 1.130558 1.118793 1.290495 1.358027 1.473729 1.539253
9.000000 109.000000 0.004150 0.003025 99.347786 1.145540 1.108838 1.162401 1.317810 1.337298 1.703722
9.000000 110.000000 -0.002762 -0.011902 99.139908 1.023344 1.134302 1.294575 1.210714 1.432952 1.522719
9.000000 111.000000 -0.011715 0.002304 100.031357 1.004176 1.108472 1.242392 1.199756 1.447336 1.460611
9.000000 112.000000 0.001653 0.013315 99.368828 1.022429 1.082416 1.171289 1.249722 1.334285 1.495687
9.000000 113.000000 -0.008574 -0.001042 100.260315 0.973924 1.173877 1.325870 1.246919 1.369487 1.534228
9.000000 114.000000 -0.004603 -0.013778 100.157654 0.936732 1.073287 1.246642 1.214409 1.324536 1.534585
9.000000 115.000000 0.005986 -0.006683 100.580376 1.084698 1.167627 1.288338 1.319334 1.383535 1.499511
9.000000 116.000000 0.013021 0.002732 100.842606 1.044012 1.151533 1.290427 1.319506 1.491491 1.523265
9.000000 117.000000 0.014577 0.002185 99.595596 1.006063 1.054578 1.230186 1.266722 1.345277 1.507330
9.000000 118.000000 -0.007770 0.003606 99.828568 1.049962 1.141881 1.289442 1.335278 1.424415 1.563714
9.000000 119.000000 -0.009157 0.005245 100.433075 1.065612 1.130902 1.238997 1.337310 1.317214 1.666396
9.000000 120.000000 -0.001612 -0.011262 100.164848 1.041291 1.114137 1.278449 1.309149 1.426457 1.462954
9.000000 121.000000 -0.005776 -0.013304 100.081841 1.021979 1.105972 1.153671 1.293726 1.452110 1.598858
9.000000 122.000000 0.000566 0.018955 100.660934 0.995956 1.102076 1.314104 1.277264 1.405988 1.448050
9.000000 123.000000 0.015717 0.015486 99.932907 0.939176 1.181631 1.299679 1.333850 1.399798 1.580209
9.000000 124.000000 -0.008342 -0.000286 99.821228 1.105595 1.157476 1.396027 1.297875 1.493545 1.528592
9.000000 125.000000 -0.010597 -0.015146 100.064003 1.070404 1.165726 1.348066 1.296938 1.452854 1.557817
9.000000 126.000000 -0.004583 -0.012344 100.197754 0.906551 1.092250 1.341635 1.315648 1.483773 1.636640
9.000000 127.000000 0.004624 0.000942 99.672546 1.038449 1.098992 1.409191 1.333977 1.313093 1.567152
9.000000 128.000000 -0.009806 -0.001885 99.361328 0.986277 1.125525 1.238161 1.321846 1.477176 1.544302
9.000000 129.000000 0.003713 -0.010787 99.905373 0.986524 1.146280 1.200511 1.294487 1.476264 1.455000
9.000000 130.000000 -0.003436 -0.000331 100.764999 1.103612 1.124907 1.349083 1.275884 1.479514 1.597880
9.000000 131.000000 -0.002105 0.008142 100.464157 1.067414 1.090049 1.243391 1.277588 1.460940 1.650687
9.000000 132.000000 -0.000416 -0.000998 99.942474 0.936286 1.074300 1.226987 1.395705 1.473174 1.524262
9.000000 133.000000 -0.008763 0.006280 99.732269 0.972860 1.073433 1.218029 1.201556 1.504701 1.544987
9.000000 134.000000 -0.003184 -0.011956 100.070656 1.017147 1.054417 1.309912 1.396339 1.537493 1.644673
9.000000 135.000000 -0.001060 0.010192 99.708473 1.117645 1.112517 1.281584 1.296054 1.395477 1.663352
9.000000 136.000000 -0.006089 -0.001684 99.179199 1.116207 1.083967 1.272922 1.291766 1.345249 1.635456
9.000000 137.000000 -0.000910 0.007556 100.287987 1.085712 1.163438 1.308063 1.253960 1.571513 1.511348
9.000000 138.000000 -0.002411 0.009302 99.988281 0.971643 1.142018 1.259542 1.287751 1.468820 1.515335
9.000000 139.000000 0.006346 -0.000538 100.076416 1.098817 1.147166 1.305616 1.205105 1.489449 1.575363
9.000000 140.000000 0.012424 -0.022843 100.547394 0.948342 1.188599 1.161193 1.375713 1.337004 1.528125
9.000000 141.000000 0.020540 0.022478 99.171494 1.050657 1.100495 1.253507 1.314524 1.535305 1.684662
9.000000 142.000000 0.000505 0.011312 100.556023 1.083008 1.197066 1.262165 1.332698 1.473761 1.575487
9.000000 143.000000 0.014131 0.008047 100.329575 0.949069 1.082853 1.235963 1.222791 1.438222 1.644561
9.000000 144.000000 -0.009378 -0.008375 99.431435 1.008387 1.123854 1.330138 1.421382 1.480254 1.627640
9.000000 145.000000 -0.004398 0.002909 100.219246 1.073043 1.158230 1.269313 1.384633 1.387049 1.550533
9.000000 146.000000 -0.001934 -0.019712 100.160324 1.071452 1.192396 1.278550 1.363079 1.357924 1.640168
9.000000 147.000000 -0.011670 0.009172 100.294907 1.079574 1.111472 1.311941 1.375274 1.505837 1.510855
9.000000 148.000000 0.008893 -0.015849 100.229500 1.062233 1.105431 1.385287 1.357168 1.561584 1.656652
9.000000 149.000000 -0.005794 -0.000606 100.121460 1.067249 1.143282 1.249445 1.254908 1.524680 1.582132
9.000000 150.000000 -0.010622 -0.008443 99.227859 1.030863 1.137994 1.223968 1.350661 1.383487 1.623805
9.000000 151.000000 0.001166 0.012564 99.191597 0.951522 1.179144 1.203400 1.376015 1.475988 1.637598
9.000000 152.000000 -0.016495 -0.001805 101.336517 1.034618 1.264941 1.262855 1.344271 1.458960 1.650704
9.000000 153.000000 0.006074 -0.004050 100.109070 1.038153 1.264043 1.325742 1.281582 1.554967 1.586470
9.000000 154.000000 -0.004149 0.005718 101.064034 1.049028 1.121380 1.350223 1.282070 1.488026 1.646030
9.000000 155.000000 -0.021222 -0.016868 100.125664 1.071254 1.121657 1.218269 1.342038 1.538334 1.551219
9.000000 156.000000 0.009146 -0.007224 99.282883 1.098244 1.248289 1.405534 1.444601 1.538274 1.633482
9.000000 157.000000 0.012804 -0.019816 99.710289 0.929334 1.049680 1.418293 1.251188 1.438798 1.610355
9.000000 158.000000 0.006775 -0.009689 99.033585 1.053277 1.137397 1.238470 1.414332 1.529315 1.591059
9.000000 159.000000 -0.025043 -0.017612 100.223541 0.944793 1.107926 1.266187 1.271086 1.580574 1.544254
9.000000 160.000000 -0.009070 -0.010810 100.626907 1.076528 1.045821 1.264617 1.336984 1.521184 1.592288
9.000000 161.000000 0.001138 0.013236 99.691208 1.172515 1.140751 1.300400 1.326929 1.469019 1.494745
9.000000 162.000000 -0.005328 0.007229 100.408394 1.088417 1.201902 1.237651 1.332220 1.483570 1.552490
9.000000 163.000000 0.001893 0.016816 99.434952 1.051491 1.178394 1.152072 1.320187 1.482661 1.688482
9.000000 164.000000 0.003898 -0.000824 100.008667 1.107886 1.213293 1.289526 1.366806 1.473181 1.604352
9.000000 165.000000 0.011676 -0.003440 99.148712 1.114956 1.268976 1.402223 1.360622 1.395324 1.646330
9.000000 166.000000 0.005610 -0.003275 99.516838 1.176603 1.119136 1.275704 1.319988 1.504993 1.690182
9.000000 167.000000 -0.000044 0.003763 99.978714 0.941195 1.191508 1.325210 1.304938 1.576354 1.579357
9.000000 168.000000 -0.020093 -0.006254 100.356705 1.056037 1.143479 1.381565 1.342470 1.519530 1.585578
9.000000 169.000000 -0.001340 0.001287 99.821785 0.993807 1.103100 1.328951 1.432826 1.406128 1.591686
9.000000 170.000000 -0.000837 0.010243 99.284111 1.055164 1.164272 1.334569 1.375558 1.438625 1.612220
9.000000 171.000000 -0.012072 -0.005506 99.899422 1.032044 1.168841 1.268192 1.421370 1.446628 1.668290
9.000000 172.000000 0.012651 -0.007996 99.717720 1.057263 1.138664 1.326640 1.360237 1.603882 1.616369
9.000000 173.000000 0.015373 -0.014423 100.261963 1.189597 1.286049 1.395978 1.266903 1.652604 1.558823
9.000000 174.000000 0.006914 0.002280 99.787346 1.055279 1.142941 1.212779 1.463116 1.423980 1.688563
9.000000 175.000000 0.005690 0.011857 100.160423 1.144379 1.113665 1.354302 1.359837 1.458152 1.577794
9.000000 176.000000 0.006585 -0.030062 100.035400 0.990113 1.112631 1.285094 1.447689 1.490792 1.625341
9.000000 177.000000 -0.000945 -0.002691 100.089355 1.082887 1.069120 1.385268 1.326757 1.566359 1.583683
9.000000 178.000000 -0.025195 0.007226 100.093346 1.118247 1.119759 1.246247 1.293817 1.566834 1.655155
9.000000 179.000000 0.005992 -0.003710 100.062958 1.019593 1.207554 1.268980 1.461754 1.512459 1.612581
9.000000 180.000000 -0.013839 -0.007460 100.733887 1.041086 1.308318 1.288733 1.274958 1.603071 1.624448
10.000000 1.000000 -0.004536 -0.003042 100.276421 0.999696 1.139267 1.068346 1.310000 1.324531 1.473065
10.000000 2.000000 0.010511 -0.012231 100.188652 0.962338 1.057388 1.244264 1.257346 1.342621 1.472660
10.000000 3.000000 -0.004227 -0.009503 100.007751 0.991016 1.081453 1.114056 1.223250 1.363896 1.446134
10.000000 4.000000 0.000027 0.006740 99.893906 0.954249 1.210253 1.245007 1.175157 1.407051 1.492921
10.000000 5.000000 0.015774 -0.004348 99.902489 1.048908 1.118152 1.159184 1.289547 1.395192 1.583518
10.000000 6.000000 0.011888 0.006000 100.279594 0.976062 1.226122 1.118237 1.384665 1.352066 1.442245
10.000000 7.000000 0.013942 0.006737 100.263077 0.866035 1.080023 1.142449 1.262627 1.356348 1.396265
10.000000 8.000000 0.015147 0.012301 100.084015 0.917891 1.082187 1.156422 1.277533 1.456333 1.580816
10.000000 9.000000 -0.011314 -0.011033 100.370628 1.016337 1.150620 1.219401 1.320863 1.390803 1.483966
10.000000 10.000000 0.004451 0.020566 100.011017 0.845669 1.111737 1.143186 1.245616 1.399768 1.572204
10.000000 11.000000 0.001774 -0.009972 98.978096 1.039384 1.208869 1.125339 1.294962 1.495450 1.554282
10.000000 12.000000 0.006320 0.011527 100.098289 0.956431 1.014965 1.261601 1.096906 1.329630 1.511537
10.000000 13.000000 -0.005558 0.004721 100.015526 0.985895 1.150139 1.244251 1.246034 1.303776 1.436402
10.000000 14.000000 -0.004089 0.005482 100.099113 0.992352 1.144129 1.132248 1.385525 1.500306 1.569711
10.000000 15.000000 -0.010677 -0.001413 99.516953 0.965697 1.243864 1.155243 1.243317 1.277616 1.394169
10.000000 16.000000 0.014116 -0.015251 99.621529 0.987539 1.114481 1.198950 1.320825 1.347687 1.504519
10.000000 17.000000 -0.009335 -0.000949 101.155777 0.964379 1.051342 1.230897 1.113507 1.301208 1.430428
10.000000 18.000000 -0.016587 -0.005397 101.227715 0.967001 1.258951 1.295474 1.275402 1.287247 1.398687
10.000000 19.000000 0.010567 0.013445 99.813393 0.991301 1.100684 1.102665 1.195781 1.311147 1.633376
10.000000 20.000000 0.004706 -0.009038 99.870804 0.948907 1.159235 1.111021 1.236591 1.430625 1.439937
10.000000 21.000000 0.002416 -0.004224 100.096344 1.000456 1.219264 1.182752 1.341258 1.389607 1.593810
10.000000 22.000000 0.008303 0.001086 99.844208 1.048748 1.094556 1.145447 1.260410 1.382744 1.497568
10.000000 23.000000 -0.019921 -0.008654 100.827599 0.939722 1.067823 1.073842 1.264144 1.307089 1.512210
10.000000 24.000000 -0.000260 0.008701 100.865555 0.995970 1.160132 1.251999 1.291142 1.432460 1.497769
10.000000 25.000000 -0.005656 0.009377 100.012115 0.955705 1.218835 1.181907 1.346617 1.360901 1.461647
10.000000 26.000000 0.005368 -0.004694 99.703712 0.904831 1.168109 1.249600 1.234569 1.360331 1.445740
10.000000 27.000000 -0.003698 0.020439 100.211769 0.966435 1.125953 1.272468 1.270291 1.296589 1.517841
10.000000 28.000000 -0.008844 -0.005791 100.293449 1.006434 1.109244 1.146060 1.343751 1.389895 1.396330
10.000000 29.000000 -0.010335 -0.011648 100.212608 0.917038 1.070935 1.155625 1.202108 1.383735 1.450149
10.000000 30.000000 0.016162 -0.008970 99.571991 0.941449 1.218516 1.144748 1.244339 1.510348 1.586615
10.000000 31.000000 0.001578 0.013341 99.339134 1.017643 1.173870 1.249748 1.352844 1.359212 1.403848
10.000000 32.000000 0.001802 0.009106 99.862122 1.088417 1.104747 1.128597 1.257190 1.439557 1.471676
10.000000 33.000000 0.021772 0.014764 99.175179 0.920252 1.137003 1.231112 1.224142 1.276675 1.480843
10.000000 34.000000 -0.012713 0.005981 99.743332 1.086031 0.993379 1.086276 1.245183 1.312081 1.497855
10.000000 35.000000 0.005057 -0.009369 99.832054 0.980646 1.210440 1.247480 1.371014 1.417107 1.526860
10.000000 36.000000 -0.010396 0.007223 100.834946 1.027877 1.157949 1.209562 1.238402 1.433882 1.541207
10.000000 37.000000 -0.006646 0.001672 99.328934 0.942883 1.067998 1.173293 1.342232 1.352066 1.471102
10.000000 38.000000 0.003703 -0.006206 100.226021 1.077909 1.104519 1.180812 1.308951 1.356424 1.418973
10.000000 39.000000 0.013382 -0.008242 99.954704 1.089047 1.152227 1.150914 1.238139 1.384483 1.493380
10.000000 40.000000 -0.016888 -0.007699 99.808601 0.929245 1.122882 1.170442 1.223582 1.320643 1.513331
10.000000 41.000000 0.007398 0.003877 100.233147 0.943442 1.156618 1.142804 1.243249 1.360714 1.491319
10.000000 42.000000 -0.000216 0.001700 99.223579 1.068105 1.104388 1.183247 1.296873 1.367257 1.602421
10.000000 43.000000 0.005671 0.000047 100.466858 1.009397 1.253646 1.185140 1.317773 1.423059 1.481370
10.000000 44.000000 0.004706 -0.016607 99.783844 0.977303 1.005260 1.308928 1.264322 1.472637 1.469260
10.000000 45.000000 -0.003390 0.020368 100.196205 1.046978 1.125842 1.135828 1.307435 1.473494 1.565773
10.000000 46.000000 -0.006277 -0.006743 100.236740 0.901841 1.215588 1.134201 1.399611 1.310487 1.505196
10.000000 47.000000 -0.017726 0.002392 99.433044 0.946040 1.095170 1.175447 1.227482 1.356949 1.528301
10.000000 48.000000 0.007658 0.006787 99.997826 0.912842 1.125552 1.215039 1.264586 1.378801 1.520078
10.000000 49.000000 -0.004962 -0.000324 99.485588 0.985961 1.061572 1.200988 1.263230 1.344158 1.456249
10.000000 50.000000 0.017386 -0.003970 100.016205 1.083430 1.152391 1.096346 1.196280 1.320755 1.623316
10.000000 51.000000 -0.000799 -0.015250 100.967613 1.011846 0.999803 1.251554 1.182374 1.367737 1.454471
10.000000 52.000000 -0.005442 0.002440 99.798981 0.881541 1.080834 1.231938 1.253461 1.304608 1.506280
10.000000 53.000000 0.014391 0.008221 99.719261 0.899479 1.114712 1.175300 1.347024 1.345240 1.639101
10.000000 54.000000 0.010499 -0.005073 100.177750 0.992919 1.177056 1.371405 1.385768 1.411940 1.472394
10.000000 55.000000 -0.029956 -0.012572 99.634911 1.034825 1.058986 1.238570 1.348456 1.433233 1.529957
10.000000 56.000000 -0.028960 -0.009697 100.054169 0.999997 1.153963 1.199485 1.236269 1.466252 1.491022
10.000000 57.000000 0.007019 -0.007352 100.170166 1.072736 1.052185 1.270584 1.272177 1.384594 1.563094
10.000000 58.000000 -0.018240 -0.010812 100.515457 0.996106 1.127595 1.249590 1.316598 1.453491 1.485335
10.000000 59.000000 0.011314 0.000527 100.290993 0.982389 1.189491 1.248960 1.272530 1.359391 1.613187
10.000000 60.000000 0.009789 -0.011053 99.993652 1.110223 1.141893 1.137118 1.298819 1.344146 1.482757
10.000000 61.000000 0.001054 -0.002602 99.552208 1.070454 1.134372 1.191410 1.261115 1.466347 1.487707
10.000000 62.000000 -0.015379 -0.010888 99.968956 0.971691 1.094294 0.978804 1.237219 1.299948 1.474323
10.000000 63.000000 0.017071 0.013887 100.613785 1.023791 1.089764 1.250704 1.358545 1.427058 1.471179
10.000000 64.000000 -0.011447 -0.010435 100.054123 1.018361 1.066266 1.238893 1.265386 1.335821 1.463935
10.000000 65.000000 -0.005705 0.000831 99.284622 0.924227 1.212760 1.173854 1.298999 1.320081 1.371079
10.000000 66.000000 -0.019385 0.022734 100.461838 0.920932 1.123054 1.189387 1.232885 1.383855 1.512655
10.000000 67.000000 -0.001444 0.007022 99.806198 1.074176 1.191363 1.177955 1.293657 1.411588 1.518467
10.000000 68.000000 0.003049 0.000943 100.014946 1.060300 1.122809 1.208053 1.348989 1.434286 1.483008
10.000000 69.000000 -0.005909 0.000501 100.079300 0.969589 1.074773 1.248948 1.310309 1.378397 1.499073
10.000000 70.000000 -0.012637 0.009840 100.393517 1.059356 1.103191 1.156904 1.266816 1.350937 1.519753
10.000000 71.000000 0.001757 -0.013583 99.969574 1.090565 1.135199 1.150254 1.277454 1.349526 1.578545
10.000000 72.000000 0.008187 -0.002954 99.866211 0.994865 1.183574 1.206288 1.343629 1.266852 1.527365
10.000000 73.000000 -0.005945 -0.020792 99.491142 0.941224 1.060087 1.166359 1.245493 1.410635 1.574709
10.000000 74.000000 0.001073 0.018641 100.736832 0.890076 1.130326 1.112239 1.313868 1.511600 1.437129
10.000000 75.000000 -0.014076 -0.009757 100.257080 0.936593 1.177732 1.121102 1.299720 1.453225 1.506512
10.000000 76.000000 0.003913 0.001380 99.724678 0.897176 1.113957 1.315722 1.276012 1.417570 1.582740
10.000000 77.000000 -0.012548 0.002362 100.532318 0.954048 1.183142 1.101500 1.372931 1.401534 1.585372
10.000000 78.000000 0.009846 -0.000008 99.267197 0.971213 1.007571 1.071572 1.328991 1.440496 1.458100
10.000000 79.000000 -0.001583 0.004889 99.984177 0.877202 1.132453 1.180058 1.384141 1.450902 1.387411
10.000000 80.000000 -0.005692 -0.007686 100.353973 0.966882 1.216296 1.187428 1.152346 1.449540 1.382174
10.000000 81.000000 0.009679 0.004549 100.065674 1.084476 1.212499 1.145387 1.281589 1.443757 1.461638
10.000000 82.000000 0.012428 0.011647 99.723412 1.147539 1.137928 1.163739 1.237584 1.355713 1.489867
10.000000 83.000000 0.003076 0.000465 99.774017 0.943339 1.160868 1.118896 1.285442 1.445259 1.365735
10.000000 84.000000 -0.016014 0.005099 100.926506 1.083130 1.075740 1.185694 1.290412 1.336297 1.526009
10.000000 85.000000 0.004986 0.016006 99.707481 0.996970 1.138887 1.073973 1.350057 1.431524 1.489888
10.000000 86.000000 -0.015573 -0.012224 100.411880 1.050574 1.102686 1.149139 1.272164 1.397644 1.525592
10.000000 87.000000 -0.000753 -0.013449 99.633423 0.917396 1.217463 1.278837 1.316243 1.255248 1.344325
10.000000 88.000000 -0.020715 0.011981 100.886887 1.027723 1.191338 1.219351 1.255498 1.466443 1.517894
10.000000 89.000000 0.006371 0.009750 99.275467 0.940895 1.138464 1.237378 1.334405 1.437464 1.380596
10.000000 90.000000 -0.001495 0.000106 98.250763 0.876617 1.030074 1.164450 1.429368 1.365357 1.453783
10.000000 91.000000 -0.000914 -0.008609 100.200104 0.962916 1.111781 1.178988 1.266349 1.325333 1.560149
10.000000 92.000000 0.006224 -0.020051 100.433975 0.931023 1.129423 1.120141 1.201285 1.359825 1.459130
10.000000 93.000000 -0.013692 -0.003664 100.506279 0.995144 1.129863 1.183080 1.403637 1.369691 1.509073
10.000000 94.000000 0.005325 0.003080 100.415932 1.054643 1.126776 1.198365 1.197846 1.478146 1.568336
10.000000 95.000000 0.009228 -0.010661 99.648178 1.010070 1.077940 1.131763 1.235875 1.369567 1.387351
10.000000 96.000000 0.007919 0.025045 100.326904 0.968197 1.160596 1.096713 1.258054 1.460975 1.385799
10.000000 97.000000 0.000470 0.008205 100.518051 0.982649 1.197101 1.132211 1.215751 1.321502 1.574169
10.000000 98.000000 -0.005901 -0.006553 100.048927 0.887404 1.130900 1.193485 1.264711 1.392941 1.639040
10.000000 99.000000 0.003273 -0.007988 99.883018 0.905266 1.085010 1.161417 1.143303 1.375827 1.490883
10.000000 100.000000 0.006146 0.009028 99.247498 0.998501 0.999143 1.177267 1.326486 1.522984 1.457188
10.000000 101.000000 0.013336 0.001269 100.059219 1.045833 1.018415 1.156574 1.384668 1.363085 1.528719
10.000000 102.000000 -0.002361 0.013908 99.285751 0.947621 1.172623 1.151439 1.288101 1.429621 1.608651
10.000000 103.000000 -0.004069 0.001060 100.217453 0.977281 1.125353 1.155025 1.306868 1.472945 1.454842
10.000000 104.000000 -0.021082 -0.001844 99.019249 1.041404 1.137147 1.206612 1.334117 1.320000 1.493663
10.000000 105.000000 -0.009508 -0.008651 99.843208 1.010337 1.094103 1.196994 1.262800 1.354642 1.622934
10.000000 106.000000 0.013857 -0.009312 99.901009 1.019644 1.068201 1.142266 1.395085 1.437669 1.520088
10.000000 107.000000 -0.008132 -0.009452 99.369682 0.980105 1.132128 1.140296 1.321834 1.493527 1.521824
10.000000 108.000000 0.008135 -0.009593 100.405647 0.999485 1.105420 1.112884 1.319408 1.421428 1.511086
10.000000 109.000000 -0.006264 -0.001798 100.392166 0.969582 1.203133 1.195916 1.261787 1.489989 1.468401
10.000000 110.000000 -0.010246 0.000189 100.387199 1.076093 1.194769 1.163515 1.337105 1.380213 1.414727
10.000000 111.000000 -0.013888 0.025239 100.695190 1.011466 1.114585 1.147938 1.323635 1.403356 1.520382
10.000000 112.000000 0.002958 0.010112 100.309082 0.905923 1.087900 1.203985 1.416544 1.450001 1.454732
10.000000 113.000000 0.014486 -0.002581 99.578659 0.984144 1.233287 1.119126 1.316142 1.388973 1.574820
10.000000 114.000000 -0.001027 0.006468 99.781754 1.006267 1.104526 1.223374 1.242221 1.460478 1.462761
10.000000 115.000000 -0.009217 -0.038864 99.687813 0.984816 1.071170 1.187337 1.340576 1.437085 1.465767
10.000000 116.000000 0.002144 0.003687 100.594658 1.042928 1.273605 1.090224 1.252440 1.450050 1.487641
10.000000 117.000000 -0.001696 0.023648 100.274719 1.031017 1.180145 1.266798 1.177936 1.372602 1.447683
10.000000 118.000000 -0.006051 -0.019611 99.877823 1.027507 1.130100 1.219987 1.350708 1.406968 1.495699
10.000000 119.000000 0.005585 0.000418 100.313148 0.978091 1.055505 1.203224 1.304876 1.448518 1.623726
10.000000 120.000000 0.017748 0.000258 99.793091 0.964487 1.142738 1.281798 1.308022 1.478388 1.607312
10.000000 121.000000 -0.015494 0.004258 99.758095 1.012548 1.141954 1.196609 1.412295 1.419682 1.604264
10.000000 122.000000 0.010938 -0.002399 98.994682 1.070952 1.192378 1.332746 1.386259 1.440595 1.524913
10.000000 123.000000 0.003906 0.018883 98.874939 0.917692 1.163948 1.097752 1.337213 1.339660 1.506894
10.000000 124.000000 -0.002235 -0.000643 98.870537 1.099333 1.134919 1.106597 1.324939 1.447302 1.574507
10.000000 125.000000 -0.008900 -0.002189 100.166130 0.915612 1.142640 1.298416 1.368118 1.495190 1.518546
10.000000 126.000000 0.003576 -0.004752 100.199364 1.018515 1.166060 1.175113 1.287669 1.476653 1.639933
10.000000 127.000000 -0.000030 -0.004686 99.915520 0.928972 1.181731 1.226349 1.320594 1.406064 1.598474
10.000000 128.000000 0.012487 0.010405 99.971970 1.052051 1.063399 1.221416 1.290208 1.346699 1.582005
10.000000 129.000000 -0.008467 -0.023510 99.370255 1.046460 1.235210 1.250067 1.365257 1.424545 1.581385
10.000000 130.000000 -0.009802 0.010916 100.011337 1.058495 1.160505 1.258802 1.358193 1.308107 1.429795
10.000000 131.000000 0.003585 0.005836 100.454048 0.983009 1.292930 1.121252 1.303212 1.466591 1.565671
10.000000 132.000000 -0.032345 0.002221 100.490105 1.119427 1.234866 1.261992 1.245645 1.354551 1.546526
10.000000 133.000000 -0.023497 0.003237 99.852043 0.993992 1.109159 1.179521 1.281486 1.412275 1.597072
10.000000 134.000000 -0.002010 -0.022816 99.663757 1.039148 1.233981 1.228968 1.307887 1.329444 1.489657
10.000000 135.000000 0.002438 -0.002359 100.094620 1.052697 1.196240 1.247692 1.253775 1.427764 1.497929
10.000000 136.000000 -0.002626 -0.011493 100.775047 0.982299 1.208189 1.231161 1.445773 1.374095 1.567193
10.000000 137.000000 -0.004430 -0.006229 99.553688 0.959070 1.176267 1.235759 1.324411 1.457785 1.645120
10.000000 138.000000 0.007888 -0.005529 100.581261 1.103155 1.178458 1.249205 1.206210 1.449689 1.633929
10.000000 139.000000 -0.002045 0.021486 99.122986 1.032302 1.239565 1.245283 1.340436 1.508119 1.414398
10.000000 140.000000 -0.008399 0.014802 100.097145 0.965546 1.124329 1.144869 1.394746 1.307507 1.544790
10.000000 141.000000 0.012040 -0.011464 100.021751 1.004215 1.220925 1.193513 1.292478 1.519968 1.619889
10.000000 142.000000 0.011416 0.003430 100.046829 1.030442 1.169901 1.328775 1.256984 1.449629 1.559828
10.000000 143.000000 0.005292 0.002696 99.961327 0.915181 1.295322 1.110450 1.321266 1.416862 1.573389
10.000000 144.000000 -0.012273 0.003099 100.111946 1.067661 1.139301 1.178100 1.222596 1.443779 1.553437
10.000000 145.000000 -0.004159 0.009225 99.647148 1.059393 1.126606 1.211416 1.333688 1.417494 1.686051
10.000000 146.000000 0.009126 0.006276 100.831711 0.947001 1.209813 1.090324 1.331463 1.498909 1.692340
10.000000 147.000000 0.008005 -0.004541 100.001060 1.054407 1.244963 1.268255 1.351391 1.352634 1.507971
10.000000 148.000000 -0.013656 -0.008919 100.002762 1.031511 1.092249 1.278931 1.341917 1.362384 1.561425
10.000000 149.000000 0.022954 -0.009597 100.144508 1.039034 1.174941 1.280730 1.397616 1.455079 1.554757
10.000000 150.000000 -0.017089 -0.007919 99.729599 1.042509 1.189700 1.161605 1.403987 1.376149 1.705994
10.000000 151.000000 0.017299 -0.004584 99.130913 1.145230 1.213646 1.156858 1.328366 1.393160 1.635915
10.000000 152.000000 -0.003317 -0.016466 99.636520 0.946376 1.169723 1.337255 1.402277 1.474247 1.554673
10.000000 153.000000 -0.005642 -0.007772 99.072136 1.007161 1.291285 1.188330 1.305668 1.424131 1.434283
10.000000 154.000000 0.005109 0.014800 99.762054 0.968892 1.115088 1.224447 1.268039 1.444052 1.550836
10.000000 155.000000 -0.005236 -0.014872 99.553787 0.990207 1.200668 1.245800 1.330208 1.481414 1.557944
10.000000 156.000000 0.000406 0.002271 99.517242 1.033394 1.212044 1.253767 1.373719 1.509088 1.528357
10.000000 157.000000 0.000489 0.002475 100.718208 1.077562 1.265808 1.128880 1.469516 1.500307 1.647484
10.000000 158.000000 -0.003027 0.002344 100.203026 1.066720 1.164191 1.322678 1.286333 1.616311 1.549397
10.000000 159.000000 -0.010795 -0.012342 99.981171 0.978165 1.149750 1.320565 1.443756 1.517567 1.608898
10.000000 160.000000 0.009542 -0.007758 99.647263 1.061553 1.153662 1.145262 1.321732 1.488046 1.531864
10.000000 161.000000 -0.001031 -0.002778 100.459892 1.100156 1.218158 1.276293 1.449892 1.405413 1.633471
10.000000 162.000000 -0.003027 -0.005829 99.912941 1.026166 1.173851 1.205498 1.473553 1.507230 1.575132
10.000000 163.000000 0.010131 0.001311 100.579681 0.942948 1.285417 1.257408 1.345221 1.389720 1.549186
10.000000 164.000000 -0.009015 -0.004617 99.617577 1.097788 1.198111 1.289518 1.255409 1.377520 1.694921
10.000000 165.000000 0.001708 -0.003304 100.403061 1.063971 1.158141 1.180256 1.329726 1.487708 1.593013
10.000000 166.000000 0.012137 0.000752 99.973648 1.166311 1.340206 1.257286 1.392893 1.505498 1.570165
10.000000 167.000000 -0.003725 0.004928 100.009285 1.165069 1.299099 1.282131 1.393198 1.427297 1.538921
10.000000 168.000000 -0.001362 0.011850 99.670052 1.111530 1.365656 1.173870 1.414055 1.409153 1.522339
10.000000 169.000000 -0.018206 0.016440 99.943062 1.014660 1.069742 1.355428 1.414157 1.520573 1.494782
10.000000 170.000000 -0.018787 0.005866 100.469925 1.129603 1.182300 1.246398 1.335424 1.493405 1.535810
10.000000 171.000000 -0.004211 0.007875 100.362427 1.066910 1.276652 1.196766 1.416729 1.502648 1.655088
10.000000 172.000000 0.008869 -0.000594 100.282303 1.118219 1.141367 1.297086 1.362889 1.458922 1.602659
10.000000 173.000000 0.009162 -0.004351 100.472366 0.928876 1.238122 1.305089 1.376013 1.473873 1.632296
10.000000 174.000000 0.009404 -0.011977 100.796661 1.044218 1.128314 1.144289 1.343091 1.443985 1.673526
10.000000 175.000000 -0.001868 -0.008348 99.755936 1.070063 1.196202 1.298645 1.396227 1.506556 1.518688
10.000000 176.000000 0.007443 -0.012806 100.097145 1.003438 1.223210 1.269325 1.370970 1.491557 1.512074
10.000000 177.000000 0.005020 -0.028033 99.654526 0.983302 1.131950 1.303601 1.488056 1.426422 1.597116
10.000000 178.000000 -0.008514 0.008163 100.497215 1.137331 1.260624 1.239269 1.502189 1.439884 1.668444
10.000000 179.000000 0.009588 -0.004555 100.513023 1.102589 1.204918 1.318510 1.385648 1.457113 1.599022
10.000000 180.000000 0.004347 -0.003349 99.675774 1.027941 1.228853 1.259170 1.429106 1.408027 1.669275
11.000000 1.000000 0.011109 -0.006191 100.203728 1.121804 0.968288 1.218179 1.273670 1.303915 1.486518
11.000000 2.000000 0.010967 -0.000465 99.399429 1.046640 1.071925 1.244121 1.302142 1.369813 1.592474
11.000000 3.000000 0.008624 0.012925 100.069687 1.023727 1.022546 1.190774 1.205098 1.407210 1.556348
11.000000 4.000000 0.010698 0.007448 100.712692 1.031720 1.044500 1.140109 1.224216 1.465809 1.471667
11.000000 5.000000 0.006674 0.009924 100.273506 0.977635 1.068135 1.227928 1.321690 1.401303 1.593050
11.000000 6.000000 -0.006801 -0.000135 100.352104 0.965654 1.118051 1.160211 1.255765 1.370852 1.565137
11.000000 7.000000 -0.004167 0.000301 100.327103 0.977787 1.146652 1.177777 1.333260 1.443143 1.516928
11.000000 8.000000 0.003143 0.003288 99.652000 1.095272 1.122247 1.186687 1.234781 1.324911 1.553895
11.000000 9.000000 -0.025401 0.011801 100.099030 1.118682 1.133772 1.237687 1.277180 1.335595 1.568970
11.000000 10.000000 -0.001563 -0.003944 99.707199 1.036146 1.054239 1.175132 1.255223 1.326684 1.484129
11.000000 11.000000 -0.016005 -0.004590 99.817734 1.136316 1.091556 1.277963 1.215058 1.381521 1.587774
11.000000 12.000000 -0.005496 0.002992 100.406448 0.874267 1.072145 1.241181 1.349043 1.439564 1.472354
11.000000 13.000000 0.005113 0.000810 100.313324 0.948647 1.004271 1.145979 1.197088 1.541763 1.478032
11.000000 14.000000 -0.003105 -0.000530 99.999588 1.141893 1.185210 1.277100 1.299007 1.457438 1.548004
11.000000 15.000000 0.008142 0.001171 100.362602 0.963203 1.080357 1.321055 1.366456 1.426845 1.485322
11.000000 16.000000 0.005958 -0.010292 99.447914 0.998506 1.036733 1.308939 1.239001 1.424951 1.507565
11.000000 17.000000 0.016807 -0.017493 100.191788 1.023926 1.094607 1.170544 1.295133 1.435907 1.563905
11.000000 18.000000 -0.013346 -0.014433 100.771233 1.072490 1.146330 1.229425 1.235926 1.358286 1.488944
11.000000 19.000000 -0.018124 0.014752 100.143822 1.055571 0.987769 1.193758 1.357231 1.411039 1.469563
11.000000 20.000000 -0.008804 0.011765 100.320694 0.881545 1.013763 1.297974 1.182850 1.426499 1.510296
11.000000 21.000000 -0.002033 -0.006236 99.534348 1.087956 1.022414 1.243723 1.265276 1.436721 1.451512
11.000000 22.000000 -0.005753 -0.008412 99.961029 0.966163 1.092259 1.269512 1.215007 1.352336 1.507866
11.000000 23.000000 -0.006664 0.014950 100.041092 0.967335 1.102836 1.110696 1.221786 1.399898 1.438220
11.000000 24.000000 -0.008641 -0.003397 100.092606 0.964847 1.021204 1.278675 1.356305 1.331005 1.434147
11.000000 25.000000 0.005661 -0.011190 99.209175 1.011479 1.024740 1.144048 1.223721 1.347402 1.532377
11.000000 26.000000 0.007189 -0.007691 101.081963 1.023061 1.108487 1.252019 1.342640 1.295565 1.494011
11.000000 27.000000 0.001913 0.014873 99.583122 0.985527 1.070132 1.170352 1.199022 1.466880 1.633579
11.000000 28.000000 0.005186 0.004650 101.296417 1.023379 1.142212 1.301239 1.391976 1.460664 1.515956
11.000000 29.000000 -0.023504 0.025411 100.356659 0.943599 1.025098 1.233993 1.260505 1.396784 1.508258
11.000000 30.000000 -0.016255 -0.004514 99.642296 1.038386 1.100917 1.273000 1.327453 1.411861 1.653449
11.000000 31.000000 0.012576 0.008155 100.162430 1.007050 1.062629 1.122080 1.273318 1.428085 1.502790
11.000000 32.000000 -0.001468 0.001021 99.646347 1.019956 1.065033 1.271498 1.232570 1.401353 1.559659
11.000000 33.000000 -0.014398 -0.018314 100.084900 0.971554 1.040097 1.241775 1.349073 1.399076 1.576762
11.000000 34.000000 -0.013872 0.006606 99.786423 1.051059 1.095337 1.076935 1.348693 1.421464 1.388781
11.000000 35.000000 -0.003805 0.002807 100.653496 0.962024 1.046264 1.201694 1.306761 1.391034 1.550745
11.000000 36.000000 0.013696 0.010892 100.335846 1.146405 1.057382 1.240734 1.337892 1.367534 1.590440
11.000000 37.000000 0.016873 -0.000143 99.348579 1.102372 1.161700 1.270483 1.334906 1.397260 1.532339
11.000000 38.000000 0.014868 0.001628 99.391777 0.917995 1.123145 1.190971 1.173516 1.351863 1.548998
11.000000 39.000000 0.005268 0.002923 100.128464 1.020290 0.996536 1.229090 1.340841 1.263446 1.582344
11.000000 40.000000 0.002816 0.001089 100.518806 1.053975 1.045169 1.169640 1.162551 1.462331 1.484671
11.000000 41.000000 -0.001481 0.005448 100.341728 0.970933 1.084284 1.183244 1.257555 1.379924 1.446220
11.000000 42.000000 0.000214 0.014116 99.695129 1.105689 1.053285 1.200589 1.323664 1.467073 1.507060
11.000000 43.000000 0.003888 -0.018906 99.439682 0.930208 1.095971 1.209787 1.234474 1.334973 1.643549
11.000000 44.000000 0.009204 0.011174 100.072815 1.042387 1.013367 1.284519 1.237346 1.455191 1.595564
11.000000 45.000000 -0.004841 0.010217 100.296944 0.991632 1.015200 1.261550 1.273707 1.427437 1.467642
11.000000 46.000000 0.013744 0.011040 99.917580 0.946105 1.158338 1.252945 1.295539 1.290643 1.472797
11.000000 47.000000 -0.005031 -0.000432 99.671768 0.941523 1.149691 1.223669 1.278841 1.375522 1.561894
11.000000 48.000000 0.006047 -0.008526 99.998573 1.015130 1.059994 1.106243 1.244115 1.520743 1.544605
11.000000 49.000000 0.010933 -0.005747 100.214882 0.934072 1.068193 1.249617 1.291263 1.374021 1.519476
11.000000 50.000000 0.012463 0.007184 100.508606 1.009074 1.013797 1.294283 1.218661 1.342115 1.530449
11.000000 51.000000 0.002032 0.008262 99.946121 0.940511 1.052745 1.240741 1.270553 1.366765 1.440530
11.000000 52.000000 -0.014946 0.002350 100.202393 1.057818 1.171402 1.163918 1.365814 1.382529 1.431118
11.000000 53.000000 0.005068 0.016617 99.691536 1.046928 1.189382 1.201040 1.218555 1.505244 1.589307
11.000000 54.000000 0.005245 -0.006254 99.758102 1.057670 1.175068 1.223240 1.343365 1.364694 1.539631
11.000000 55.000000 0.015967 -0.002778 100.394012 0.981902 0.994533 1.173140 1.207231 1.354912 1.544593
11.000000 56.000000 -0.009644 -0.005428 99.638931 1.049841 1.036003 1.126617 1.324483 1.372696 1.553007
11.000000 57.000000 0.006702 0.013439 99.822136 0.926505 1.061224 1.180442 1.297636 1.484967 1.576629
11.000000 58.000000 -0.008326 -0.002862 100.255409 1.025645 1.171697 1.166949 1.345591 1.376690 1.498107
11.000000 59.000000 -0.010348 -0.011207 100.043320 1.057350 1.058511 1.240820 1.301158 1.417074 1.539508
11.000000 60.000000 0.011854 -0.010713 99.679626 1.022354 1.124638 1.222182 1.259164 1.360116 1.535442
11.000000 61.000000 0.006138 0.005119 100.463310 1.033586 1.063920 1.130573 1.287630 1.462231 1.505435
11.000000 62.000000 -0.008858 0.007368 100.887833 0.975730 1.055929 1.227673 1.368390 1.361117 1.401879
11.000000 63.000000 -0.020987 -0.006125 100.824791 1.082013 1.083825 1.234564 1.177013 1.325563 1.529009
11.000000 64.000000 0.004127 0.010918 99.813828 1.043286 1.026849 1.188719 1.320132 1.379226 1.526195
11.000000 65.000000 0.005003 -0.008942 99.290161 1.036190 1.173469 1.209134 1.245420 1.406097 1.415861
11.000000 66.000000 0.021261 0.003736 100.175186 0.883990 1.198198 1.181291 1.364742 1.373010 1.486627
11.000000 67.000000 0.009773 -0.004257 99.858177 1.000892 1.024374 1.254298 1.234806 1.388188 1.561828
11.000000 68.000000 -0.002511 0.005960 99.503998 0.928139 1.177994 1.231144 1.230021 1.408965 1.600202
11.000000 69.000000 -0.001522 0.004720 99.915833 1.000604 1.146812 1.239273 1.318063 1.342454 1.485770
11.000000 70.000000 -0.005490 -0.011543 99.716499 1.042243 0.986439 1.206705 1.268138 1.398591 1.595286
11.000000 71.000000 -0.002503 0.007982 100.810165 1.139486 1.012664 1.327034 1.386572 1.356493 1.482021
11.000000 72.000000 0.000217 -0.008619 100.664642 0.957878 1.110415 1.259394 1.320329 1.437206 1.553002
11.000000 73.000000 -0.004215 -0.002262 100.068573 1.076382 1.091951 1.169833 1.268240 1.428821 1.592916
11.000000 74.000000 -0.002070 -0.020617 99.933784 0.979667 1.066135 1.273596 1.310856 1.359681 1.442245
11.000000 75.000000 -0.004120 0.000398 99.898865 1.028202 1.079373 1.179507 1.287705 1.421465 1.623407
11.000000 76.000000 0.016576 0.008316 100.631126 0.992872 1.016424 1.305128 1.269413 1.428955 1.575204
11.000000 77.000000 -0.011668 0.005001 99.814491 1.003257 1.067469 1.240212 1.242378 1.279005 1.510243
11.000000 78.000000 -0.005472 0.022830 99.134659 1.043654 1.060586 1.233860 1.328805 1.452440 1.509411
11.000000 79.000000 -0.010548 -0.003375 100.087608 1.114684 1.125623 1.241390 1.248750 1.270529 1.576628
11.000000 80.000000 0.000432 -0.002683 100.111366 0.942984 1.075206 1.211317 1.248938 1.407607 1.579911
11.000000 81.000000 -0.002217 0.000131 99.296722 1.017846 0.990313 1.293104 1.305098 1.353566 1.429642
11.000000 82.000000 -0.011098 -0.012142 100.578201 0.874729 1.058218 1.224459 1.305326 1.362150 1.613483
11.000000 83.000000 0.001091 0.002723 100.597000 1.120698 1.023521 1.234866 1.327994 1.440891 1.600477
11.000000 84.000000 0.005703 0.001320 98.717545 1.016482 1.105763 1.178469 1.283188 1.391447 1.486425
11.000000 85.000000 0.007945 0.002232 100.246712 0.887751 1.056945 1.214094 1.197273 1.482257 1.556148
11.000000 86.000000 0.004321 0.000753 100.545967 0.970382 1.146519 1.194601 1.343086 1.386270 1.579326
11.000000 87.000000 -0.017183 -0.005319 99.751038 1.017054 1.004114 1.238676 1.349802 1.474589 1.613489
11.000000 88.000000 0.000363 0.012605 99.280899 1.014605 0.997092 1.245678 1.257263 1.362326 1.603443
11.000000 89.000000 0.002700 -0.004505 99.667046 0.918500 1.079627 1.119786 1.222038 1.320536 1.544610
11.000000 90.000000 -0.007766 -0.001010 99.198349 0.990231 1.067115 1.284409 1.322843 1.349791 1.575392
11.000000 91.000000 0.006789 0.003348 100.702858 0.929152 1.176556 1.226304 1.330851 1.534807 1.582261
11.000000 92.000000 -0.007548 0.009303 101.190704 0.944971 1.177922 1.245739 1.345584 1.280204 1.550198
11.000000 93.000000 0.012053 0.015135 99.227448 0.996421 1.101546 1.320424 1.227464 1.500609 1.525560
11.000000 94.000000 0.006851 -0.010488 99.694031 1.029272 1.170510 1.298899 1.243530 1.476761 1.530456
11.000000 95.000000 0.004292 -0.001508 100.077591 0.938124 1.027469 1.207454 1.410777 1.360991 1.566523
11.000000 96.000000 -0.008294 0.000605 100.029915 1.017699 1.102886 1.290148 1.253921 1.417414 1.480350
11.000000 97.000000 -0.009043 -0.012103 100.602928 1.018402 1.144922 1.228173 1.308164 1.271570 1.540146
11.000000 98.000000 0.001198 -0.012805 99.550293 0.920741 1.099051 1.235934 1.265406 1.424922 1.546087
11.000000 99.000000 -0.002068 0.005788 99.524361 1.095976 1.077305 1.190531 1.263753 1.482794 1.615436
11.000000 100.000000 0.012689 0.004727 100.287384 0.874604 1.162725 1.239381 1.322326 1.473043 1.523706
11.000000 101.000000 0.008060 -0.011330 100.562057 1.021506 1.095672 1.276851 1.217586 1.428634 1.552611
11.000000 102.000000 0.016043 -0.010308 100.110619 0.850801 1.034632 1.171124 1.361390 1.357058 1.501376
11.000000 103.000000 0.007452 -0.013233 100.056122 1.044329 1.182452 1.029928 1.225551 1.427770 1.602750
11.000000 104.000000 -0.000857 0.013038 99.701920 0.992314 0.969483 1.234033 1.275062 1.415450 1.496065
11.000000 105.000000 0.004039 -0.003675 100.008591 0.956248 1.073822 1.167751 1.396460 1.462904 1.527527
11.000000 106.000000 0.002528 -0.006284 99.400490 1.045646 1.222795 1.189191 1.411388 1.397790 1.480046
11.000000 107.000000 -0.012494 0.001854 99.985863 0.954682 1.031313 1.143837 1.370250 1.303488 1.537649
11.000000 108.000000 -0.006440 0.008469 99.001762 0.967778 1.082426 1.171715 1.281387 1.342883 1.482266
11.000000 109.000000 -0.013396 0.010217 99.749191 0.924025 1.191914 1.138470 1.322925 1.397519 1.552591
11.000000 110.000000 0.007719 -0.003879 99.907272 1.004428 1.112442 1.177527 1.374438 1.303045 1.460279
11.000000 111.000000 0.002735 0.004809 100.219467 1.110842 1.027241 1.215953 1.255294 1.431008 1.569910
11.000000 112.000000 -0.014947 -0.013135 99.624863 1.071166 1.114908 1.253984 1.362849 1.322754 1.588487
11.000000 113.000000 -0.005482 0.033475 100.774582 0.955380 1.003277 1.195664 1.269904 1.483344 1.555792
11.000000 114.000000 0.002670 0.007301 100.281845 1.025597 1.038108 1.245916 1.347993 1.453387 1.528945
11.000000 115.000000 0.006481 -0.014119 99.321091 0.988940 1.031355 1.262185 1.328398 1.388843 1.577968
11.000000 116.000000 0.004433 -0.004436 99.520805 1.080936 1.189141 1.224801 1.237367 1.366023 1.615287
11.000000 117.000000 0.011368 0.000378 99.594986 1.049721 1.069696 1.228744 1.358336 1.403872 1.690333
11.000000 118.000000 -0.009055 -0.010147 100.540169 1.045796 1.062981 1.260464 1.219301 1.389438 1.554871
11.000000 119.000000 -0.001787 -0.011826 99.698326 1.076144 1.000826 1.078588 1.308843 1.380436 1.577340
11.000000 120.000000 -0.003593 -0.007846 99.852402 1.016093 1.095777 1.231797 1.329736 1.383440 1.555258
11.000000 121.000000 -0.001331 -0.018596 99.953651 1.011676 1.084261 1.274977 1.305556 1.480646 1.504806
11.000000 122.000000 0.002992 0.006910 100.112701 0.993462 1.118340 1.173986 1.377319 1.446116 1.469080
11.000000 123.000000 0.011671 0.002905 99.302734 1.023012 1.204810 1.284522 1.370264 1.400204 1.557264
11.000000 124.000000 -0.025619 -0.002836 99.605927 1.134270 1.082715 1.259881 1.291243 1.475695 1.642401
11.000000 125.000000 0.010385 0.008562 100.241043 0.986064 1.127921 1.215381 1.412485 1.416966 1.471671
11.000000 126.000000 0.006903 0.001823 100.363564 0.950925 1.075583 1.183869 1.360824 1.484526 1.522715
11.000000 127.000000 -0.018595 0.001001 98.716927 0.943977 1.036627 1.287938 1.256064 1.460697 1.559349
11.000000 128.000000 0.010310 0.008066 100.188637 0.925321 1.138714 1.166156 1.355127 1.450836 1.549615
11.000000 129.000000 -0.006036 -0.005505 100.442520 1.047276 1.085919 1.194272 1.317212 1.490836 1.571563
11.000000 130.000000 0.011338 -0.000321 100.981056 1.129403 1.061999 1.261671 1.298004 1.563833 1.575655
11.000000 131.000000 0.005911 0.006254 100.058823 1.008340 1.140175 1.265027 1.343185 1.400982 1.615083
11.000000 132.000000 -0.008968 -0.005578 100.514725 1.075423 1.046599 1.278159 1.355280 1.431613 1.595078
11.000000 133.000000 -0.000896 0.023496 100.125816 1.071981 1.099602 1.256697 1.334698 1.432283 1.489240
11.000000 134.000000 0.001967 -0.015056 99.656967 1.082721 1.162782 1.214405 1.288416 1.385247 1.517746
11.000000 135.000000 0.015038 -0.018662 100.030235 0.940141 1.314867 1.250440 1.307921 1.481241 1.631913
11.000000 136.000000 0.011790 0.019351 98.861000 1.052085 1.177034 1.276071 1.386625 1.478125 1.498095
11.000000 137.000000 0.002357 -0.003742 99.486717 1.085753 1.149299 1.206220 1.380092 1.480228 1.546800
11.000000 138.000000 0.003188 -0.006002 99.856155 0.997355 1.151516 1.148777 1.330719 1.371355 1.481619
11.000000 139.000000 0.014313 0.006681 99.825722 1.016667 1.141464 1.116585 1.377571 1.347348 1.571671
11.000000 140.000000 0.003990 0.002996 100.770927 1.039358 1.008613 1.307862 1.257461 1.522649 1.568096
11.000000 141.000000 -0.001727 -0.015870 101.092445 1.063212 1.149337 1.220670 1.195061 1.530345 1.571119
11.000000 142.000000 -0.008124 -0.010548 99.696266 1.009702 1.176368 1.190047 1.269776 1.514851 1.560415
11.000000 143.000000 -0.000029 -0.006324 99.793243 1.041236 1.119578 1.273744 1.362454 1.482509 1.571071
11.000000 144.000000 -0.002530 0.001649 99.997780 1.087216 1.079227 1.348672 1.208004 1.356734 1.647153
11.000000 145.000000 0.008696 0.006826 100.382721 1.058017 1.193152 1.200741 1.354240 1.401519 1.571370
11.000000 146.000000 -0.005172 -0.008932 99.861488 1.043618 1.000291 1.268228 1.368312 1.346566 1.610072
11.000000 147.000000 0.002388 -0.005770 100.480980 0.975394 1.072712 1.246454 1.255024 1.496482 1.498045
11.000000 148.000000 -0.014890 -0.018734 98.952942 0.969458 1.153841 1.129218 1.200559 1.444453 1.556398
11.000000 149.000000 0.028342 -0.009587 100.668655 1.111541 1.182131 1.248237 1.343954 1.391807 1.597907
11.000000 150.000000 -0.005267 0.001787 100.057518 0.998877 1.063077 1.273150 1.358196 1.462774 1.624827
11.000000 151.000000 -0.018656 0.008728 99.278450 1.136720 1.052543 1.218076 1.379229 1.609691 1.597222
11.000000 152.000000 -0.001868 -0.012818 99.695595 1.092485 1.120429 1.249630 1.315426 1.520404 1.639699
11.000000 153.000000 -0.005458 -0.001986 100.228157 1.101386 1.212180 1.313938 1.262840 1.412381 1.617625
11.000000 154.000000 0.011429 -0.007312 99.828964 1.018179 1.092593 1.360981 1.467080 1.449417 1.656106
11.000000 155.000000 0.020704 -0.007496 100.212379 0.956084 1.111251 1.318667 1.191580 1.574397 1.666139
11.000000 156.000000 -0.006042 0.000008 99.197212 1.057339 1.117632 1.342507 1.387400 1.363871 1.596373
11.000000 157.000000 -0.001454 -0.000882 100.968597 1.030026 1.129594 1.253214 1.359837 1.440557 1.599742
11.000000 158.000000 -0.006023 -0.012540 99.862206 0.950882 1.165359 1.357011 1.359359 1.435402 1.733690
11.000000 159.000000 -0.011574 -0.000705 99.981964 1.067751 1.146254 1.321427 1.309844 1.491253 1.590432
11.000000 160.000000 0.011209 0.003153 99.057106 0.928783 1.216059 1.332451 1.329671 1.476087 1.577686
11.000000 161.000000 -0.005707 -0.014206 98.945793 0.986016 1.235327 1.220969 1.320903 1.595045 1.628903
11.000000 162.000000 0.007102 -0.005816 99.746178 1.107734 1.235197 1.356334 1.455740 1.503821 1.581389
11.000000 163.000000 -0.008266 -0.002659 99.499619 1.074763 1.264176 1.393581 1.409799 1.436770 1.524769
11.000000 164.000000 0.000942 -0.015083 100.206223 1.121852 1.037875 1.284400 1.342488 1.502831 1.715822
11.000000 165.000000 -0.013300 0.004627 100.170326 1.059739 1.099770 1.313786 1.388466 1.499941 1.495921
11.000000 166.000000 -0.010384 0.001522 100.820770 1.133132 1.278110 1.339321 1.373780 1.508342 1.508471
11.000000 167.000000 -0.000531 0.001574 100.438248 1.030523 1.158608 1.314997 1.355146 1.521936 1.652820
11.000000 168.000000 -0.007187 -0.008101 100.107307 1.032308 1.207872 1.299896 1.427878 1.403264 1.655956
11.000000 169.000000 -0.008518 0.022262 99.516418 1.154331 1.112616 1.273419 1.376909 1.418454 1.641155
11.000000 170.000000 0.004828 0.006168 100.540260 1.092125 1.225748 1.371134 1.413018 1.522111 1.541914
11.000000 171.000000 -0.005566 0.004303 100.859825 0.990235 1.050331 1.217254 1.349406 1.553796 1.557543
11.000000 172.000000 0.006209 0.008426 99.589500 1.060664 1.223878 1.224225 1.345252 1.585634 1.611128
11.000000 173.000000 0.007182 0.014397 100.194672 0.976536 1.167369 1.260283 1.314939 1.496001 1.611580
11.000000 174.000000 -0.005919 0.016197 101.014297 0.973669 1.213438 1.288701 1.375551 1.410844 1.674190
11.000000 175.000000 0.009453 0.001576 99.391518 1.110267 1.197549 1.339896 1.302607 1.501530 1.593736
11.000000 176.000000 0.001980 -0.001887 99.559250 1.074601 1.229097 1.338378 1.465266 1.451395 1.509085
11.000000 177.000000 -0.013298 0.009177 100.419128 1.030966 1.177418 1.278876 1.397427 1.541173 1.565452
11.000000 178.000000 -0.015093 0.006687 100.513878 1.206004 1.065496 1.350069 1.347345 1.553390 1.638364
11.000000 179.000000 -0.002128 0.010321 100.410210 1.189303 1.110983 1.305188 1.351667 1.409573 1.610461
11.000000 180.000000 -0.015789 -0.017117 99.480614 1.198278 1.150020 1.260847 1.424802 1.380186 1.670063
12.000000 1.000000 -0.000690 0.004554 99.944794 1.017173 1.028862 1.156258 1.346727 1.366625 1.456075
12.000000 2.000000 -0.009062 0.001819 99.272690 1.005356 1.036295 1.224669 1.268142 1.347093 1.562992
12.000000 3.000000 0.006775 -0.004929 99.739525 0.876185 1.054065 1.172663 1.277901 1.210933 1.516223
12.000000 4.000000 -0.008227 -0.028129 99.285759 0.924752 1.053496 1.159170 1.360719 1.391836 1.441294
12.000000 5.000000 0.013294 0.007690 100.500793 1.034249 1.048600 1.219752 1.199187 1.288400 1.448571
12.000000 6.000000 0.001514 -0.007872 100.123787 0.963266 1.155026 1.163534 1.266224 1.376096 1.584019
12.000000 7.000000 -0.002632 -0.013650 100.440903 1.083399 0.981095 1.244841 1.250154 1.355403 1.393196
12.000000 8.000000 0.003556 -0.013503 99.165169 1.046963 1.062878 1.303488 1.303090 1.371583 1.495060
12.000000 9.000000 -0.004712 0.008330 99.869087 1.029064 1.091580 1.208535 1.357396 1.388892 1.422932
12.000000 10.000000 -0.015816 0.006174 100.497704 0.916682 1.193521 1.226522 1.353917 1.360855 1.463354
12.000000 11.000000 0.014727 0.013955 99.010239 0.955446 1.189628 1.180208 1.360073 1.352572 1.486085
12.000000 12.000000 0.017202 -0.003071 99.104042 0.979365 1.134887 1.147265 1.192850 1.473611 1.490310
12.000000 13.000000 0.007146 0.002767 99.323204 1.064864 1.061194 1.214704 1.381469 1.509486 1.565188
12.000000 14.000000 0.010145 0.013363 98.975357 1.103828 1.008455 1.252456 1.228998 1.394010 1.515579
12.000000 15.000000 -0.006972 -0.000218 99.944397 0.996022 1.095648 1.193007 1.155070 1.410761 1.414445
12.000000 16.000000 0.009542 0.011354 99.652451 0.955040 1.036654 1.184683 1.370219 1.414087 1.488448
12.000000 17.000000 -0.015233 0.008732 99.926651 0.988892 1.210088 1.330635 1.371872 1.340052 1.489465
12.000000 18.000000 0.018696 -0.000120 100.402473 0.998071 1.097290 1.117801 1.235453 1.481469 1.559309
12.000000 19.000000 0.008654 -0.003751 99.439369 1.066755 0.979045 1.259613 1.413190 1.477076 1.623636
12.000000 20.000000 -0.016876 -0.002866 99.842651 0.999945 1.219051 1.164253 1.305279 1.404313 1.420318
12.000000 21.000000 0.016321 0.026539 99.379517 0.935810 1.166907 1.200361 1.393815 1.401875 1.483925
12.000000 22.000000 0.003538 0.014843 99.774696 1.055200 1.061771 1.175453 1.317018 1.416444 1.457860
12.000000 23.000000 -0.006081 -0.007145 101.149582 0.912239 1.065203 1.216274 1.316323 1.285956 1.551928
12.000000 24.000000 -0.005605 -0.001875 100.132469 0.933322 1.190832 1.231231 1.347803 1.362684 1.490701
12.000000 25.000000 0.005728 -0.002312 100.460632 0.998522 1.144982 1.197835 1.290893 1.329162 1.562651
12.000000 26.000000 0.003687 -0.000904 99.986916 1.054558 1.089734 1.079941 1.320275 1.343817 1.447064
12.000000 27.000000 0.001365 -0.009799 100.054817 0.976830 1.188944 1.192274 1.311816 1.484805 1.534134
12.000000 28.000000 0.011854 -0.005376 99.459831 0.998711 1.092156 1.166499 1.314045 1.424080 1.504737
12.000000 29.000000 -0.008755 -0.004646 100.110771 0.965790 1.149871 1.192948 1.300956 1.468863 1.561936
12.000000 30.000000 0.007508 -0.019586 99.488045 0.971940 1.142670 1.103904 1.327770 1.376394 1.430898
12.000000 31.000000 -0.003664 0.001937 99.934532 0.906587 1.122366 1.146189 1.312691 1.380953 1.411655
12.000000 32.000000 -0.005454 -0.013227 100.570808 1.003164 1.104218 1.150767 1.435202 1.294420 1.493558
12.000000 33.000000 0.001784 0.001879 98.902458 1.013266 1.063402 1.173178 1.319611 1.351567 1.501846
12.000000 34.000000 0.008016 -0.000652 99.564583 1.005231 1.102298 1.212468 1.323994 1.425242 1.438475
12.000000 35.000000 0.003287 -0.007990 100.173698 1.055345 1.120928 1.178392 1.332858 1.402614 1.515598
12.000000 36.000000 -0.002549 0.005603 100.869774 1.034602 1.168042 1.215037 1.313196 1.470019 1.499114
12.000000 37.000000 0.014168 -0.006034 99.646568 1.024795 1.149942 1.151273 1.391597 1.431773 1.468559
12.000000 38.000000 -0.012599 -0.011023 99.971672 0.960475 1.026613 1.094825 1.234625 1.413584 1.500668
12.000000 39.000000 -0.019902 -0.002725 100.715324 1.035597 0.990965 1.182293 1.246943 1.350296 1.435305
12.000000 40.000000 -0.011125 0.020816 99.975601 1.033921 1.031576 1.201800 1.265231 1.377321 1.453478
12.000000 41.000000 0.003806 -0.002778 100.649872 1.008992 0.987485 1.099676 1.335028 1.469102 1.454185
12.000000 42.000000 0.014404 0.002835 99.153763 0.882352 0.968223 1.110700 1.400790 1.326594 1.475715
12.000000 43.000000 0.013996 -0.004492 99.241348 0.993068 1.254511 1.204264 1.273397 1.386608 1.459645
12.000000 44.000000 -0.016890 -0.007092 100.552490 1.024506 1.149852 1.212470 1.308394 1.454778 1.520063
12.000000 45.000000 0.000560 -0.009187 100.458176 1.007416 1.190758 1.117531 1.405318 1.528670 1.528748
12.000000 46.000000 -0.008013 0.003084 99.421402 1.096557 1.110645 1.247128 1.254457 1.252720 1.608297
12.000000 47.000000 -0.013950 0.005932 99.547012 1.001539 1.133425 1.178662 1.348142 1.455401 1.493970
12.000000 48.000000 0.014885 -0.002090 100.465652 0.947360 1.169202 1.193943 1.361492 1.539015 1.463749
12.000000 49.000000 0.003003 0.011298 100.233704 1.020069 1.081507 1.193231 1.171847 1.366999 1.487183
12.000000 50.000000 -0.009871 0.019460 99.529610 1.030246 1.107515 1.188859 1.372501 1.445413 1.428872
12.000000 51.000000 -0.006462 -0.001573 99.613533 0.961841 1.165943 1.242789 1.425635 1.345612 1.539918
12.000000 52.000000 -0.001836 -0.002239 99.948463 1.057128 1.035522 1.120137 1.341103 1.369158 1.441748
12.000000 53.000000 -0.000486 0.015470 100.562294 1.038765 1.000799 1.267690 1.134083 1.381335 1.566527
12.000000 54.000000 0.023113 -0.007145 100.026123 1.050103 1.239346 1.153566 1.237647 1.397648 1.531214
12.000000 55.000000 0.006705 0.003985 99.460129 0.991919 1.157386 1.037908 1.305750 1.408047 1.514198
12.000000 56.000000 0.013234 0.003654 100.567108 1.012562 1.120059 1.237817 1.302834 1.444000 1.643998
12.000000 57.000000 -0.002812 -0.003129 99.945778 0.942533 1.089449 1.176827 1.342669 1.363132 1.496803
12.000000 58.000000 -0.003491 0.016200 100.697914 1.070668 1.184118 1.187735 1.314360 1.337438 1.442378
12.000000 59.000000 -0.003854 -0.012829 100.072212 1.013437 1.154697 1.208546 1.236633 1.404411 1.570842
12.000000 60.000000 0.007833 0.000691 99.932320 1.041069 1.225736 1.214484 1.253039 1.436183 1.491883
12.000000 61.000000 -0.016121 -0.006627 100.071014 1.058691 1.103552 1.238469 1.285248 1.396457 1.478027
12.000000 62.000000 -0.000330 0.012600 100.023918 1.011601 1.179211 1.157044 1.244652 1.431856 1.455049
12.000000 63.000000 -0.005160 0.005171 99.558365 1.024781 1.136415 1.085715 1.251062 1.450943 1.464615
12.000000 64.000000 0.006091 -0.001982 99.714691 0.971219 1.168704 1.166364 1.261252 1.391863 1.535635
12.000000 65.000000 0.023043 -0.004508 100.110474 1.021797 1.144428 1.136865 1.243913 1.399580 1.556697
12.000000 66.000000 -0.020489 0.010582 100.245491 0.982040 1.154071 1.168697 1.211365 1.435848 1.382012
12.000000 67.000000 -0.014307 0.000086 100.472374 1.094540 1.144007 1.225434 1.274185 1.425917 1.663418
12.000000 68.000000 -0.006505 0.002297 99.745331 0.990376 1.067560 1.186515 1.451444 1.405701 1.437505
12.000000 69.000000 -0.007598 0.001257 99.766586 1.039040 0.974019 1.218626 1.398747 1.311894 1.481054
12.000000 70.000000 0.000440 -0.006793 100.738571 1.099150 1.066261 1.124824 1.313144 1.396145 1.509202
12.000000 71.000000 0.021084 0.001568 100.466866 1.008591 1.065456 1.290359 1.251499 1.378284 1.478875
12.000000 72.000000 -0.005058 -0.003180 100.720894 1.001505 1.078476 1.166501 1.243085 1.313416 1.519727
12.000000 73.000000 0.004098 0.003231 100.151558 1.079334 1.155809 1.314537 1.270118 1.289837 1.549451
12.000000 74.000000 0.007268 0.001764 100.023468 0.990161 1.063700 1.142014 1.286612 1.273036 1.463751
12.000000 75.000000 0.014785 0.006181 100.770767 0.945521 1.155712 1.163780 1.280832 1.383703 1.475496
12.000000 76.000000 -0.014075 0.006252 100.320641 0.937374 1.042234 1.155368 1.255108 1.388501 1.451756
12.000000 77.000000 0.001564 0.008511 100.587769 0.984270 1.179701 1.272065 1.445033 1.377717 1.437531
12.000000 78.000000 -0.018094 -0.003127 99.591721 1.029782 1.113949 1.140437 1.233645 1.363140 1.540724
12.000000 79.000000 0.002201 -0.000805 100.029129 0.974442 1.121661 1.146319 1.237523 1.393474 1.538209
12.000000 80.000000 0.018631 0.004429 99.895477 0.966814 1.032225 1.214440 1.239093 1.400009 1.489462
12.000000 81.000000 -0.026145 -0.002469 99.727203 1.019134 1.078739 1.165053 1.312111 1.327560 1.520336
12.000000 82.000000 0.004563 -0.002782 100.365578 0.976902 1.097422 1.173587 1.353130 1.373791 1.663771
12.000000 83.000000 -0.001715 0.008257 101.119293 1.014070 1.111985 1.176868 1.275413 1.331973 1.557941
12.000000 84.000000 0.003602 0.001598 99.958145 1.028099 1.033112 1.144537 1.360380 1.429006 1.474065
12.000000 85.000000 0.000407 -0.008490 100.064606 1.066678 1.079686 1.136802 1.318244 1.428833 1.491529
12.000000 86.000000 0.013737 0.005361 100.435120 1.045338 1.138243 1.168718 1.222579 1.383900 1.592018
12.000000 87.000000 -0.005687 -0.017504 100.045502 1.060503 1.020356 1.098389 1.257034 1.451744 1.469657
12.000000 88.000000 -0.015612 0.002443 99.665672 0.944788 1.153112 1.181077 1.287999 1.435601 1.560096
12.000000 89.000000 0.014272 -0.010038 99.869621 0.966896 1.024246 1.232648 1.273282 1.391555 1.490581
12.000000 90.000000 0.002078 -0.018332 100.708679 1.128389 1.156251 1.244974 1.259035 1.344384 1.447020
12.000000 91.000000 0.010545 0.006192 99.551964 0.945472 1.016765 1.173990 1.245201 1.429635 1.560536
12.000000 92.000000 0.005551 -0.005094 99.476646 1.037618 1.128465 1.180843 1.347121 1.395158 1.492296
12.000000 93.000000 0.009247 -0.006053 99.964851 1.068261 1.098882 1.203197 1.369656 1.376898 1.597513
12.000000 94.000000 0.003460 -0.021453 99.930786 1.091781 1.197605 1.147365 1.293182 1.377569 1.468444
12.000000 95.000000 -0.002693 -0.000093 100.348534 0.940862 1.137381 1.129481 1.285596 1.367626 1.534138
12.000000 96.000000 -0.015115 0.003115 99.728058 1.093055 0.966350 1.286670 1.330391 1.414261 1.499248
12.000000 97.000000 0.007956 0.002356 99.611824 1.053042 1.044632 1.156186 1.306057 1.455562 1.532351
12.000000 98.000000 0.008625 -0.010715 100.373131 1.028834 1.085352 1.105954 1.427360 1.472539 1.531874
12.000000 99.000000 0.012700 -0.016739 100.937431 0.976357 1.082539 1.173354 1.176304 1.369886 1.604641
12.000000 100.000000 -0.003200 0.016227 99.977303 1.051884 1.143970 1.208219 1.284035 1.335783 1.542537
12.000000 101.000000 0.001899 0.007087 100.333725 1.005937 1.079229 1.175868 1.368982 1.489400 1.502872
12.000000 102.000000 0.002968 -0.008539 99.889938 1.076939 1.119570 1.139663 1.230495 1.396336 1.481643
12.000000 103.000000 -0.011616 -0.004494 100.114578 1.009578 1.149907 1.114173 1.452425 1.457942 1.533680
12.000000 104.000000 0.017844 -0.017817 100.094643 0.986339 0.922378 1.225148 1.323516 1.431752 1.582018
12.000000 105.000000 0.010985 -0.018250 100.221481 0.975650 1.103914 1.268446 1.371790 1.408796 1.552566
12.000000 106.000000 0.015337 -0.005948 100.087769 0.976175 1.199867 1.256278 1.401254 1.405861 1.589906
12.000000 107.000000 -0.001020 0.005615 100.404854 1.135179 1.134295 1.294004 1.220111 1.404277 1.476609
12.000000 108.000000 -0.017510 -0.014784 99.824478 0.942734 1.120126 1.166034 1.259944 1.498918 1.583361
12.000000 109.000000 0.009336 -0.013903 100.318474 0.982761 1.093482 1.252027 1.184200 1.418670 1.580122
12.000000 110.000000 -0.001091 -0.001852 99.769333 0.957658 1.033125 1.136190 1.307488 1.405265 1.475957
12.000000 111.000000 0.015089 0.000031 100.333359 1.085130 1.119470 1.095957 1.390179 1.443886 1.529666
12.000000 112.000000 0.012271 -0.007171 99.723511 1.055700 0.976111 1.148656 1.401040 1.421041 1.592228
12.000000 113.000000 -0.014112 -0.000870 98.503075 0.896701 1.142058 1.170482 1.325866 1.402488 1.566718
12.000000 114.000000 0.003866 0.023534 100.134926 1.067217 1.053419 1.224788 1.289008 1.566639 1.473639
12.000000 115.000000 0.009476 -0.000142 99.384903 0.943647 1.075282 1.219230 1.302719 1.397165 1.513139
12.000000 116.000000 -0.007407 -0.001754 99.410126 1.134741 1.186942 1.214496 1.366196 1.461556 1.590899
12.000000 117.000000 0.014304 -0.003517 100.270317 1.007525 1.081212 1.143572 1.395730 1.522045 1.562111
12.000000 118.000000 -0.013968 0.003968 99.635063 0.938317 1.020900 1.298859 1.364503 1.457967 1.484567
12.000000 119.000000 -0.010358 -0.003072 100.172981 1.116408 1.086775 1.138752 1.291582 1.454502 1.470021
12.000000 120.000000 0.016750 -0.002027 99.263435 1.045096 1.153587 1.247437 1.327099 1.421602 1.579735
12.000000 121.000000 0.016026 0.012275 99.561577 1.006235 1.152317 1.142135 1.340890 1.388785 1.462851
12.000000 122.000000 0.019214 0.002795 100.504959 1.089866 1.248112 1.113606 1.377740 1.449256 1.484876
12.000000 123.000000 -0.004990 0.003525 100.168015 0.998237 1.221077 1.217881 1.333337 1.425674 1.424261
12.000000 124.000000 0.003716 -0.004044 98.717888 0.984605 1.196718 1.317941 1.230343 1.442360 1.565707
12.000000 125.000000 -0.009631 -0.014081 100.463295 1.072052 1.145252 1.250931 1.255895 1.435555 1.526552
12.000000 126.000000 0.008857 -0.006645 99.559189 0.958942 1.079311 1.258361 1.292272 1.524383 1.540962
12.000000 127.000000 0.006157 0.003543 99.968933 1.113973 1.113943 1.249038 1.341090 1.444485 1.598537
12.000000 128.000000 0.001552 -0.001566 100.977737 1.033117 1.187617 1.228710 1.306115 1.425364 1.512906
12.000000 129.000000 -0.006380 0.004569 100.048409 1.125728 1.082405 1.223108 1.340957 1.399747 1.578503
12.000000 130.000000 0.003819 -0.010088 100.571457 1.022873 1.102533 1.244503 1.391032 1.342097 1.489966
12.000000 131.000000 0.013770 0.009279 99.771812 1.050147 1.073230 1.209876 1.198311 1.538819 1.563336
12.000000 132.000000 0.012003 0.011939 100.132141 1.032006 1.127039 1.308672 1.308638 1.468591 1.545218
12.000000 133.000000 -0.005126 -0.010547 100.222290 1.084491 1.275167 1.236305 1.339228 1.381365 1.558202
12.000000 134.000000 0.020594 -0.003172 100.132683 1.007515 1.185887 1.202788 1.281042 1.439259 1.509110
12.000000 135.000000 -0.003900 0.003614 100.286743 1.065735 1.151193 1.213184 1.365312 1.405138 1.597323
12.000000 136.000000 -0.004167 0.002275 100.238785 1.026610 1.081053 1.198972 1.193969 1.498021 1.548625
12.000000 137.000000 -0.002875 0.005864 100.576309 1.074317 1.105450 1.267409 1.358127 1.437897 1.607949
12.000000 138.000000 0.015768 -0.008893 100.816765 1.114645 1.164939 1.216535 1.342806 1.493778 1.559079
12.000000 139.000000 0.002490 0.001778 99.941322 0.988111 1.110255 1.271790 1.376858 1.495871 1.615655
12.000000 140.000000 -0.001752 0.009102 99.769188 1.072674 1.201395 1.192251 1.250197 1.536047 1.531957
12.000000 141.000000 0.007324 -0.008146 99.983582 1.097255 1.167991 1.378558 1.323341 1.481055 1.537388
12.000000 142.000000 -0.017914 0.002673 100.325867 1.045087 1.068337 1.229073 1.421229 1.393541 1.513222
12.000000 143.000000 -0.012813 -0.008856 99.752373 1.102394 1.209617 1.228797 1.298804 1.489056 1.560992
12.000000 144.000000 0.013451 -0.002769 99.701958 1.116220 1.197816 1.163043 1.350560 1.435095 1.549142
12.000000 145.000000 0.001492 -0.002183 99.807228 0.981470 1.105336 1.267686 1.345887 1.451799 1.566771
12.000000 146.000000 0.001682 0.007818 100.079788 0.955867 1.204933 1.095410 1.370916 1.374035 1.533077
12.000000 147.000000 0.004372 -0.003318 100.404938 1.090544 1.235952 1.219523 1.348399 1.400766 1.487149
12.000000 148.000000 0.007240 0.021354 99.842499 1.084715 1.118015 1.223288 1.310513 1.483564 1.653588
12.000000 149.000000 0.005664 -0.005592 99.122169 1.083302 1.105114 1.241714 1.333722 1.521208 1.561544
12.000000 150.000000 0.005585 -0.019029 99.607834 1.142984 1.078372 1.192978 1.383412 1.519965 1.699118
12.000000 151.000000 -0.016987 0.006064 98.926186 1.004319 1.126518 1.215530 1.345606 1.382711 1.613947
12.000000 152.000000 0.000122 -0.008657 100.568748 1.042596 1.162554 1.188739 1.348753 1.484476 1.458504
12.000000 153.000000 -0.011940 -0.014282 100.708115 0.991611 1.181203 1.184098 1.258179 1.537043 1.506536
12.000000 154.000000 0.002092 0.000185 99.642845 1.055276 1.137104 1.078894 1.369405 1.385240 1.627049
12.000000 155.000000 -0.017573 0.003047 100.547203 1.018415 1.073364 1.136517 1.367756 1.437906 1.615060
12.000000 156.000000 -0.008455 -0.005807 100.126854 1.095774 1.264703 1.280124 1.327311 1.352463 1.515016
12.000000 157.000000 -0.008004 0.001698 100.060097 1.025392 1.130516 1.208109 1.315890 1.494606 1.528463
12.000000 158.000000 -0.006259 0.015802 100.583595 1.082749 1.081388 1.211128 1.341756 1.507946 1.594959
12.000000 159.000000 -0.008923 -0.011346 100.282921 1.062720 1.213090 1.215210 1.436065 1.510128 1.545419
12.000000 160.000000 -0.007752 -0.014316 99.570847 1.023791 1.120852 1.252656 1.350988 1.447500 1.626090
12.000000 161.000000 -0.008071 0.005553 99.992271 1.031642 1.198345 1.379837 1.253608 1.390124 1.496590
12.000000 162.000000 0.013319 -0.001180 99.993080 1.107060 1.174093 1.272848 1.442029 1.475762 1.499859
12.000000 163.000000 -0.011350 -0.000205 99.612862 1.045709 1.199071 1.180515 1.367689 1.545629 1.553050
12.000000 164.000000 0.013456 -0.019961 100.089043 1.091974 1.126374 1.297099 1.354422 1.475630 1.545283
12.000000 165.000000 -0.005020 -0.012893 99.401329 1.078150 1.144144 1.260603 1.320555 1.439244 1.674155
12.000000 166.000000 0.018508 0.014911 100.656548 1.129204 1.101119 1.339247 1.417165 1.563532 1.620066
12.000000 167.000000 0.008160 -0.013233 99.912338 1.065108 1.160327 1.214031 1.378341 1.498399 1.540430
12.000000 168.000000 0.008551 0.007547 100.510918 1.003463 1.268480 1.257969 1.425401 1.460581 1.635600
12.000000 169.000000 0.002002 0.002814 99.335922 1.088792 1.200734 1.212857 1.304631 1.449671 1.530091
12.000000 170.000000 0.000103 0.003800 100.351387 1.146950 1.330021 1.190942 1.353635 1.459567 1.571961
12.000000 171.000000 -0.002684 0.001554 99.330391 1.110328 1.223882 1.256478 1.486277 1.375884 1.648187
12.000000 172.000000 0.003679 0.012803 99.570412 1.093112 1.248792 1.180228 1.267287 1.489822 1.642082
12.000000 173.000000 0.006347 -0.009910 100.092697 1.142095 1.166557 1.240666 1.397601 1.467844 1.521901
12.000000 174.000000 -0.005063 -0.005440 100.407082 1.169863 1.265181 1.337658 1.343847 1.419937 1.610927
12.000000 175.000000 0.000416 0.005084 100.602646 1.160168 1.169998 1.174570 1.362686 1.562471 1.579017
12.000000 176.000000 0.008390 -0.000032 99.723991 1.038871 1.135101 1.219468 1.316689 1.538537 1.580330
12.000000 177.000000 -0.004373 -0.000046 100.428589 1.167531 1.190976 1.357981 1.392901 1.493220 1.691700
12.000000 178.000000 -0.010823 0.004683 100.383644 1.126771 1.052941 1.263167 1.464900 1.428906 1.625707
12.000000 179.000000 -0.003201 0.010999 100.949722 1.101532 1.149799 1.287918 1.314729 1.515759 1.700979
12.000000 180.000000 0.007173 -0.015212 100.093742 1.136184 1.224867 1.147447 1.348244 1.396445 1.596539
